x,y,z,curvature(61)
-0.0369122,0.127512,0.00276757,0.079737164
-0.0457707,0.130327,0.00306785,0.13581105
-0.0708847,0.149834,0.0388672,0.06236725
-0.00331557,0.130403,0.0212208,0.017486328
-0.0211979,0.1272,0.00915278,0.023628427
-0.0265255,0.12592,0.00874866,0.035997026
0.0339261,0.112038,0.0269672,0.017964795
0.0376485,0.110455,0.0145481,0.011030978
-0.0259368,0.111118,0.0379115,0.013248386
0.027952,0.120939,0.0215377,0.020103745
-0.0628308,0.155987,-0.0150105,0.20913185
0.0390029,0.106711,0.0215202,0.0113550285
0.0447976,0.0950477,0.00866471,0.011863952
-0.0330636,0.173619,-0.0031267,0.14457813
-0.0808069,0.136243,0.0495014,0.09353821
-0.0705086,0.12445,0.0526685,0.070388466
0.00874873,0.131225,0.0145345,0.014743581
0.0401015,0.106711,0.00874166,0.010822384
0.0379483,0.100145,-0.00827134,0.017486138
-0.0906538,0.137201,0.0207305,0.022370422
-0.0841655,0.110667,0.0275273,0.06092141
-0.0705214,0.156214,0.0144536,0.03873682
-0.083872,0.15212,0.0282652,0.049287677
0.00305028,0.12432,0.0332425,0.020291183
0.00870828,0.124165,0.0330348,0.020668413
-0.0328896,0.12613,0.00300653,0.047787856
-0.0506302,0.143065,0.0150611,0.09601828
-0.0757863,0.13637,0.050172,0.08064663
-0.0027191,0.128962,0.0264678,0.018674204
-0.0460961,0.125118,0.0263142,0.06677525
-0.0785104,0.0942728,-0.0109192,0.015746828
0.0216915,0.125373,0.0211452,0.020828886
-0.0888469,0.124305,0.00237041,0.026806708
0.040386,0.100825,-0.00303043,0.015089096
-0.0884145,0.117791,0.00268555,0.029634215
-0.0319074,0.177421,-0.00491879,0.13474572
-0.0765825,0.143224,0.0455148,0.06844364
-0.0209748,0.112544,0.0388613,0.011879346
-0.020836,0.179425,-0.0221622,0.089738116
-0.0377039,0.167987,-0.0130391,0.14126101
-0.0331765,0.12681,0.00839958,0.050784416
0.00893926,0.127114,0.0292916,0.025198592
-0.044944,0.131083,0.0147963,0.08530479
-0.0266041,0.12515,0.00282384,0.030140782
0.0144285,0.12328,0.0319185,0.01988821
0.019244,0.122284,0.0308314,0.019574258
-0.0390225,0.167317,0.00215527,0.16657728
-0.08808,0.129976,0.00206377,0.020205295
-0.0537203,0.142608,0.0266058,0.027831618
0.043095,0.0980072,0.0191617,0.01081548
0.0432138,0.100117,0.00866473,0.012837371
0.0415448,0.0944954,0.0275695,0.0127013745
-0.0578726,0.155337,0.0149245,0.13972975
-0.0231577,0.157375,-0.0046304,0.11653873
-0.0683123,0.145735,0.0420568,0.056790344
-0.0708351,0.142847,0.0451248,0.062196087
-0.070664,0.0642894,0.0209789,0.03470513
-0.0761519,0.130581,0.0525324,0.083979085
-0.0640036,0.161784,-0.0208118,0.13633473
-0.0706461,0.155711,0.00252406,0.110346735
-0.0924366,0.118434,0.0399838,0.04845296
-0.0635349,0.156052,0.0148814,0.068796135
0.0282675,0.118192,0.0274382,0.021726644
0.0392736,0.0938857,-0.00915453,0.015623849
-0.0695973,0.164844,-0.0174846,0.13416868
-0.00892354,0.123904,0.0330319,0.019078767
0.0269099,0.0942476,0.0444911,0.012276904
-0.0146258,0.162377,-0.0144398,0.07911199
-0.0450983,0.167072,0.00289327,0.15131702
-0.0761536,0.172742,-0.0384391,0.10256396
-0.0858274,0.105458,0.00472318,0.035213765
0.0370431,0.110443,0.0207229,0.013033694
0.0321593,0.0994027,0.0380657,0.013158944
-0.075287,0.146433,0.0428582,0.08291319
-0.0395145,0.171107,0.000531747,0.14813855
-0.0839586,0.11215,0.00148754,0.040580157
0.0446848,0.0883378,0.0216285,0.021750078
0.0161783,0.127819,0.0220535,0.022131175
-0.00251635,0.0397232,0.0474087,0.092998184
0.00303163,0.0406968,0.0460422,0.07529019
-0.0143059,0.128197,0.00333856,0.016085474
-0.0526117,0.155596,0.0109972,0.23007028
-0.0332043,0.17776,-0.00906223,0.12866874
0.0394391,0.106654,0.00306577,0.013509078
-0.0923799,0.1249,0.0327641,0.03102582
0.0454681,0.0882959,0.0146642,0.02982833
-0.0274495,0.179802,-0.00925837,0.114052944
-0.072504,0.146297,0.0429682,0.071608886
-0.0579959,0.129793,0.0383118,0.01859517
0.043117,0.0923689,0.0251649,0.012413652
-0.00865718,0.130323,0.0149721,0.012963132
-0.0141304,0.129188,0.0147431,0.015689826
-0.0707877,0.15583,0.00921954,0.06848364
-0.00952731,0.127041,0.0281475,0.018862326
-0.0646289,0.153404,0.0329146,0.055027194
-0.0706939,0.15347,0.0328596,0.05851077
0.0208126,0.118434,0.0336393,0.018201146
-0.0396566,0.173008,-0.00299705,0.14946975
-0.0442176,0.170815,-0.00391429,0.16165794
-0.0582565,0.0395149,0.0457796,0.18966548
-0.0523033,0.0401501,0.04623,0.14939925
-0.0760211,0.161274,-0.0145891,0.13676171
-0.0693983,0.163016,-0.0140293,0.1720992
0.0399663,0.106491,0.014952,0.0107927
0.041536,0.0950084,-0.00475737,0.015417629
-0.0470079,0.163779,0.00528295,0.16763225
-0.0402546,0.161678,0.00298655,0.16403958
-0.0386569,0.0389805,0.0441153,0.19501291
-0.0704175,0.166991,-0.0216976,0.13692988
-0.0254201,0.0886622,0.0503827,0.03755087
-0.0886334,0.137429,0.00876953,0.018492721
-0.014179,0.12627,0.0266417,0.017942557
-0.0360017,0.17408,-0.0118959,0.09968725
-0.0886251,0.0937834,0.00823534,0.023000313
-0.0648672,0.155874,-0.00891497,0.23495537
-0.0704508,0.137752,-0.00774011,0.1510022
-0.0750154,0.166247,-0.0219558,0.13717446
0.0299465,0.114869,0.0300239,0.020199718
0.0398138,0.0998788,0.0273101,0.012423017
-0.015242,0.111698,0.0407424,0.008342316
-0.0700387,0.118219,0.0524379,0.06325246
0.0149973,0.112399,0.0386082,0.0066578696
-0.036487,0.171225,0.000545037,0.14441758
-0.0641664,0.118551,-0.00968333,0.0331815
-0.071817,0.166979,-0.0463822,0.086969286
-0.0913559,0.14534,0.0246937,0.04852775
0.00903703,0.112569,0.0396571,0.0052718497
0.0324674,0.0997396,-0.0141603,0.012080236
0.0417911,0.101845,0.00188609,0.013758996
0.00302992,0.112517,0.0415434,0.0062623
-0.0650368,0.148485,0.0382561,0.05158599
-0.0706519,0.13063,0.0502497,0.06336948
-0.0144471,0.128935,0.00903509,0.017928546
0.00292575,0.131541,0.00912318,0.014717022
-0.0625682,0.151125,0.035875,0.052523308
0.0349829,0.113328,0.0214487,0.015416086
0.021327,0.0385664,0.0392992,0.051406287
0.0145125,0.093771,0.0501571,0.013800117
-0.00923752,0.112849,0.0413907,0.008912605
0.0415329,0.100906,0.0210277,0.011557809
0.0422859,0.101486,0.0146614,0.011464026
-0.0773783,0.112839,-0.00448759,0.031764578
-0.078035,0.137641,-0.00517379,0.09822793
0.00873437,0.106347,-0.0202193,0.0066363527
0.0090324,0.13035,0.0211569,0.019380381
0.00301322,0.130902,0.0206741,0.01951131
-0.00286342,0.13115,0.0147367,0.0131183425
-0.0391578,0.12569,0.0207996,0.06870347
-0.0205725,0.123523,0.0265579,0.02442188
-0.0644194,0.155634,0.00928477,0.115106985
-0.0463385,0.131411,0.0207671,0.059978105
-0.0532034,0.0439067,0.044658,0.14184412
-0.00297651,0.131046,0.00884967,0.011427541
-0.089664,0.137755,0.0263925,0.030238336
-0.00888731,0.124273,-0.00880284,0.012842118
-0.0460971,0.0385107,0.0446891,0.17774154
-0.0649255,0.178874,-0.0579325,0.09223922
-0.0329347,0.124601,0.0211235,0.05639294
-0.0831301,0.149901,0.0334123,0.049510166
-0.0895652,0.093948,0.0149303,0.02249354
-0.0328901,0.124518,-0.00282055,0.02870524
-0.0845271,0.106161,0.00204328,0.04090133
-0.0469341,0.155816,0.00872921,0.18724835
0.0206202,0.123943,0.0267275,0.024039064
-0.026256,0.117499,0.0321672,0.021349356
-0.021392,0.118632,0.0336445,0.020061933
-0.0195069,0.116132,0.0368525,0.011827595
-0.0761618,0.118382,0.0520923,0.08615837
0.00889281,0.0395765,0.0451727,0.065554485
-0.0534736,0.159548,0.00753828,0.22126481
-0.0469464,0.161226,0.00680216,0.17220065
-0.0574886,0.154862,0.0204748,0.090196215
0.0317199,0.117635,0.0202007,0.016998759
0.0378683,0.105514,-0.00259159,0.01591537
-0.0811847,0.137693,-0.00253994,0.04712348
-0.0764348,0.124515,0.0528345,0.08954724
0.0343816,0.106104,-0.00900254,0.015546123
0.0457922,0.088316,0.00867097,0.029896064
-0.0703288,0.0944195,-0.0159143,0.01299126
-0.0756048,0.0937947,-0.0135536,0.015408765
-0.058657,0.156369,0.0093256,0.17417794
-0.0637335,0.153848,0.00222718,0.16007684
-0.0777278,0.0960024,0.0363437,0.052775152
-0.0868519,0.136556,0.00309926,0.01813317
-0.0455299,0.0432404,0.0432162,0.1611343
-0.0402011,0.045749,0.0408051,0.17753653
-0.0654123,0.160403,-0.0149066,0.18120879
-0.0318898,0.0387174,0.0510004,0.14088456
-0.0267997,0.0453977,0.0509311,0.10640635
-0.0271043,0.0396972,0.0535379,0.12771
-0.0215575,0.0460868,0.0517209,0.10977378
-0.0143078,0.0445295,0.0504368,0.12099044
-0.00981594,0.043264,0.0493162,0.10080078
-0.00348436,0.044054,0.0472086,0.081815906
0.009577,0.0458139,0.0465877,0.04157685
0.02048,0.111086,0.0379569,0.012043554
-0.0141831,0.128547,0.0200007,0.016654488
-0.0526702,0.144108,0.0210347,0.040717307
-0.0634838,0.17384,-0.0527131,0.099235125
-0.0366553,0.171999,-0.0125745,0.11784702
-0.0525548,0.131228,0.0328277,0.029837115
-0.0659567,0.132023,0.0442925,0.029651862
-0.0921726,0.11832,0.0267606,0.031373348
0.0452792,0.0882737,0.00268175,0.025227277
-0.00305651,0.112889,0.0417789,0.0075523923
-0.0451955,0.161396,-0.00871567,0.16056447
-0.0402914,0.160933,-0.0115368,0.16666767
-0.0521414,0.0701165,0.0389584,0.049278513
-0.0383315,0.093604,-0.0232581,0.04540681
-0.0690556,0.137374,0.046352,0.043958522
-0.0695996,0.167401,-0.0516299,0.09351779
-0.00246047,0.124102,0.0337609,0.018991815
-0.0398624,0.128204,0.00299348,0.092307225
-0.0753331,0.149032,0.0395625,0.07282499
-0.0701432,0.160618,-0.00917801,0.19713755
-0.0589378,0.0440425,0.0434222,0.16422617
-0.0207164,0.126445,0.00312493,0.02746879
-0.00850666,0.0467286,0.0481052,0.085408166
0.00300323,0.0450308,0.0469911,0.05311453
-0.0802174,0.148665,0.0379438,0.0648368
-0.0819961,0.130698,0.0513437,0.086223304
0.00273088,0.106333,-0.0209927,0.007371668
-0.0757273,0.0885687,-0.0138399,0.018278394
-0.0698477,0.0882875,-0.0167823,0.017745627
-0.0668508,0.159243,-0.0102161,0.20028733
-0.0226988,0.0885773,0.0536309,0.033777732
-0.00281419,0.0990077,0.0505614,0.011198993
0.0452902,0.0696213,0.0253974,0.045565236
-0.0525629,0.0472823,0.040482,0.16302374
-0.046959,0.0466581,0.0408127,0.13108866
-0.0691348,0.156682,-0.00276369,0.16708623
-0.0897599,0.150073,0.0220744,0.05710066
-0.0702883,0.155637,0.0263654,0.044621684
-0.0765031,0.154893,0.0266005,0.039008908
-0.00804843,0.0987379,0.0505998,0.013471239
0.0300791,0.11567,-0.00430465,0.018683007
-0.0923054,0.117757,0.0334441,0.035084497
-0.0331192,0.0449511,0.0462474,0.13151826
-0.0337794,0.113308,0.034612,0.020171031
-0.0521291,0.113769,0.0349566,0.0461697
0.0437636,0.0825382,-0.0027974,0.0237084
-0.0202819,0.126016,0.0210507,0.024556017
0.0327872,0.043925,0.0295904,0.04314978
-0.0453372,0.155266,-0.0075525,0.17536902
-0.0284609,0.173987,-0.0175958,0.1034128
0.0268448,0.0881755,-0.0223077,0.010727973
-0.0308231,0.0923023,-0.0246377,0.05617562
-0.0899732,0.149975,0.0141115,0.04873261
0.0381804,0.105121,0.0266947,0.013887829
0.00842001,0.12907,0.0258154,0.022902763
-0.0266549,0.0942999,-0.0265555,0.04221138
-0.0279896,0.0475815,0.0485532,0.104613364
-0.0150037,0.048073,0.0483203,0.122984454
-0.00298993,0.0473817,0.0491102,0.05848067
0.00376754,0.0477551,0.0502037,0.039756194
0.00748504,0.0473851,0.0493363,0.035441607
-0.0581651,0.149751,0.032858,0.04518808
-0.0720688,0.136456,0.0490662,0.056261957
-0.0810638,0.0939541,-0.0082617,0.017650327
0.0380863,0.0458646,0.0307423,0.03150857
-0.0253234,0.182998,-0.0108168,0.09538561
-0.0230508,0.183235,-0.0110157,0.0829863
0.00323317,0.129146,0.0263855,0.021866178
-0.0626125,0.149788,-0.00343342,0.2027416
-0.0591471,0.0466998,0.0395843,0.15094212
-0.0353862,0.0471292,0.0414241,0.14825626
-0.0194948,0.0486404,0.0485565,0.12947313
-0.00849455,0.0521633,0.0517688,0.049517307
-0.00296485,0.051429,0.0527827,0.031260483
0.00279019,0.0517664,0.0528352,0.012718142
0.00904034,0.0517165,0.051222,0.011022649
0.0443839,0.0943042,0.00268377,0.012303646
-0.0886145,0.111113,0.0148415,0.040271137
-0.0885219,0.144027,0.0329221,0.040483303
0.0440719,0.0937787,0.0206165,0.010921094
0.0436531,0.0980341,0.0146596,0.011443505
-0.0650976,0.153799,-0.00285808,0.21759048
-0.0517297,0.0490759,0.0371355,0.16077246
-0.0331222,0.0518259,0.0385377,0.12038231
-0.0377352,0.127448,0.0152358,0.07934082
-0.00906608,0.100701,0.0460122,0.012269049
-0.0410683,0.128416,0.0134054,0.10220254
-0.0712056,0.158724,-0.00521868,0.20000951
-0.0266313,0.0501544,0.044695,0.10198115
-0.0211065,0.0519946,0.0455753,0.1221058
-0.0168667,0.0505241,0.0476889,0.1264854
-0.0147601,0.0527687,0.050103,0.071171515
-0.0626395,0.149972,-0.00897733,0.20526002
-0.090861,0.124732,0.00627835,0.026556006
-0.0255786,0.0923499,-0.0315595,0.036491062
-0.0709738,0.172947,-0.052768,0.08908897
-0.0588974,0.143232,-0.00327646,0.12130689
-0.0943643,0.12436,0.0216467,0.021027079
0.0337044,0.112449,-0.00269877,0.016223066
-0.0515051,0.136557,0.0263185,0.021233551
-0.00886593,0.121199,0.0360577,0.019546513
-0.061729,0.155665,-0.0259512,0.13063926
-0.0862637,0.10567,0.0206042,0.046022005
-0.0895584,0.138606,0.032689,0.031711593
-0.0268168,0.123904,0.0208113,0.037729498
0.0341937,0.0515433,0.033081,0.033933904
0.0401268,0.0512743,0.0322702,0.032598846
0.0449306,0.0526595,0.0319582,0.037693735
-0.0405348,0.117168,0.0319438,0.05154343
-0.0636902,0.155546,-0.0390642,0.1182755
0.0278663,0.100401,0.0410064,0.012568003
-0.0275828,0.179275,-0.0157605,0.0958774
-0.0758871,0.0942302,0.0383961,0.038243324
0.0138371,0.129201,0.0203961,0.019830586
-0.0152723,0.0998429,0.0451638,0.013870996
-0.00916763,0.129718,0.0206646,0.015462
-0.0512444,0.0516901,0.0334801,0.17650002
-0.0461563,0.0523184,0.0379981,0.12406896
-0.0410001,0.05272,0.0393793,0.08636013
-0.0270993,0.0526642,0.0393104,0.15246396
0.0434924,0.0931097,-0.00154028,0.013445724
-0.0823819,0.112683,0.045427,0.07307434
-0.092066,0.118055,0.00909937,0.035550814
-0.00448884,0.121713,0.0362976,0.01537722
0.0147346,0.129423,0.0143146,0.01674106
-0.0158113,0.161888,-0.00973584,0.086400285
-0.0778838,0.149704,-0.00337488,0.15513694
-0.0865357,0.12477,-0.00166991,0.023163876
0.0153656,0.126058,0.0275381,0.022964869
-0.0388913,0.123761,0.0249778,0.065431006
-0.0390351,0.121238,0.0283673,0.05691356
-0.0324963,0.120237,0.0283344,0.03866649
-0.0149052,0.12311,0.0316417,0.016167507
-0.0582873,0.117688,0.0386719,0.06075724
-0.0626536,0.161861,-0.0264031,0.13748404
-0.0818147,0.141639,0.0444825,0.083659306
0.0350734,0.100071,0.0345975,0.014478993
0.0311856,0.11215,0.0310216,0.018405546
-0.0335778,0.11743,0.031458,0.030851578
-0.059637,0.153475,0.031348,0.053995766
-0.0481256,0.0536625,0.0362191,0.12595128
-0.059026,0.156388,0.00269852,0.19188374
-0.0211187,0.0578754,0.0461125,0.054204676
-0.082738,0.124721,0.050554,0.101317406
-0.0466997,0.11363,0.0348133,0.03683835
-0.0107262,0.179662,-0.0277472,0.09212785
0.0347725,0.0894441,-0.0170339,0.012405705
-0.0891825,0.100351,0.0148945,0.030787539
0.0257275,0.122894,0.0207337,0.017848775
-0.0883949,0.100277,0.00841226,0.035329722
-0.0649858,0.155518,0.0263367,0.057539027
-0.0768402,0.154073,0.00257877,0.1268213
-0.0576877,0.154146,0.0262123,0.057016745
-0.0266966,0.125729,0.0145923,0.04653614
-0.076376,0.155782,0.0208875,0.040810745
-0.0763295,0.167188,-0.039594,0.10389918
-0.0771877,0.100229,-0.0103313,0.016517086
-0.0153681,0.0590839,0.0519909,0.042434502
-0.010206,0.0576345,0.0535443,0.03543116
-0.00350044,0.0578672,0.0543757,0.0228955
0.00300818,0.0568916,0.0538692,0.012787183
0.0088308,0.0580497,0.0529859,0.010374602
0.0410915,0.0820775,-0.00893411,0.014702913
0.0395449,0.0576373,0.0318985,0.032805096
-0.0762443,0.139336,0.0484763,0.07549757
-0.0324306,0.120379,-0.00955344,0.020748438
-0.0194451,0.0881559,0.0557639,0.034568887
-0.074787,0.159471,-0.00898201,0.2021503
-0.0639935,0.15611,0.0210031,0.05958175
-0.0762438,0.153101,0.0322442,0.058889963
-0.00876679,0.128727,0.025102,0.018823337
0.0282216,0.112237,-0.00983067,0.013968317
-0.0451341,0.0593225,0.0387559,0.095116176
-0.0405005,0.0579499,0.040202,0.052019734
-0.033993,0.0584028,0.038704,0.049837273
-0.0272756,0.0585468,0.0382285,0.05859369
-0.0248608,0.122913,0.0245429,0.028508032
-0.0825276,0.154355,0.0206132,0.056078944
-0.00884271,0.129403,0.00305159,0.0136855785
0.0207587,0.126654,0.0147646,0.01425282
-0.0394868,0.173351,-0.00839443,0.12382074
-0.028421,0.114019,0.0347746,0.017788598
-0.0193575,0.122009,0.0306737,0.019169156
-0.0691626,0.161675,-0.0514614,0.08292206
-0.0516736,0.15006,0.0148119,0.14132266
-0.0156325,0.120151,0.0349054,0.016671339
0.0467454,0.0582319,0.0314404,0.039402407
-0.0770165,0.0685425,0.0147863,0.017580047
-0.00967101,0.173225,-0.0264945,0.08398706
-0.0213141,0.184813,-0.0151112,0.08418462
-0.0766524,0.0882188,0.0382876,0.024269378
-0.0540219,0.0521463,0.0110698,0.14535305
-0.0219451,0.126821,0.0155536,0.02814747
-0.0820391,0.153392,0.0264506,0.048128936
-0.0213183,0.124468,-0.00290836,0.023468316
-0.0268364,0.123465,-0.00321538,0.024123397
-0.0312035,0.177796,-0.0133521,0.11105009
-0.00749945,0.0598042,0.0553302,0.026022043
-0.00108951,0.0601245,0.0554892,0.017442627
0.00280202,0.0599746,0.0555283,0.0142797595
-0.051797,0.118119,0.033678,0.047324676
0.00302464,0.131618,0.0149353,0.014969914
0.0446005,0.0942619,0.0151198,0.011435601
-0.0880636,0.111855,0.00852285,0.04200566
-0.0704321,0.144096,-0.0148369,0.20910762
-0.0820967,0.0943634,0.0322765,0.0389033
-0.0269642,0.120812,0.0275676,0.031482644
-0.0540164,0.149968,0.0253393,0.050752062
-0.0800337,0.0995053,-0.00770139,0.017161451
0.00922138,0.12038,0.0360924,0.012248069
0.00286056,0.117968,0.0387331,0.011502847
-0.0936229,0.118494,0.0206524,0.027987791
-0.0409923,0.113229,0.035109,0.030938705
-0.0822185,0.154488,0.0146661,0.05401198
-0.0625956,0.155202,-0.0329876,0.13098004
-0.0462511,0.124621,-0.00898124,0.047215052
-0.0220336,0.160676,-0.00426008,0.12314186
-0.065621,0.172767,-0.0466049,0.0974397
-0.0762614,0.155884,0.0148687,0.035040308
-0.0644988,0.149044,-0.0265159,0.12432669
-0.0581979,0.0593456,0.0210895,0.12210101
-0.0335439,0.122618,0.0254024,0.055776063
-0.0826578,0.153434,0.00921403,0.059788413
-0.049999,0.132417,0.0286961,0.040854573
0.0088217,0.131096,0.00864908,0.015640842
-0.0154842,0.0644282,0.0533754,0.032035727
-0.00871951,0.065015,0.0556827,0.023112154
-0.00324815,0.0640003,0.0562816,0.01762731
0.00292601,0.0643094,0.0563956,0.014889565
0.00738462,0.0651614,0.0553402,0.013772441
-0.0143174,0.116971,0.037836,0.013405425
-0.00299223,0.118083,0.0390751,0.01249993
-0.00864301,0.117816,0.0385662,0.014667599
-0.0532884,0.0571719,0.0206631,0.1330162
-0.0882588,0.100387,0.0210097,0.03799389
-0.0324377,0.099703,-0.0227313,0.030165022
0.0425072,0.0603725,0.0302275,0.038165927
0.0523383,0.0580401,0.0290457,0.05756926
0.0413612,0.0877503,-0.00929235,0.011725919
-0.0581547,0.0620148,0.0270981,0.114742555
-0.0530328,0.0590503,0.0266933,0.14141831
-0.0477227,0.135526,0.0148654,0.07382411
0.00323512,0.0983053,0.0504424,0.011009307
0.0150627,0.119642,0.034806,0.016061021
-0.0453373,0.0643061,0.0391142,0.054054942
-0.0394097,0.0644278,0.0414133,0.031138077
-0.033068,0.0642666,0.0396407,0.030412124
-0.0270237,0.0644489,0.0395335,0.030410629
-0.0881604,0.149479,0.0268507,0.052228533
-0.0640727,0.143434,-0.00894036,0.19023044
0.00286033,0.121151,0.036139,0.013441194
-0.0827306,0.138152,0.0466993,0.07631384
-0.00261511,0.127006,0.030132,0.021722984
0.0355841,0.108498,-0.00452523,0.01535454
0.0219203,0.114136,0.0356941,0.01399276
-0.0379555,0.161954,-0.0128021,0.15772869
-0.0526362,0.0643632,0.0340621,0.09205415
0.025874,0.123374,0.0143811,0.012154758
-0.0451406,0.131184,0.00901599,0.1276062
-0.075778,0.155361,-0.00310678,0.17866977
-0.0739145,0.156437,-0.0274945,0.13655315
-0.0833056,0.100778,-0.00354288,0.020047357
-0.0767099,0.173942,-0.0452732,0.086543106
0.00846106,0.116985,0.038033,0.008855316
-0.0200899,0.184788,-0.020546,0.08973814
-0.046571,0.120413,0.0285524,0.0632799
-0.0515313,0.123718,-0.0088569,0.05171462
0.0212116,0.105804,-0.0171101,0.007778835
-0.0938613,0.124487,0.0151416,0.023381703
0.0414591,0.064577,0.0290352,0.03594787
0.0466725,0.0643471,0.0285539,0.041666638
0.0526423,0.0634018,0.0283831,0.049804732
-0.0468141,0.168322,-0.00285433,0.14686193
-0.0869152,0.0944156,0.00293118,0.022041023
-0.0773713,0.161559,-0.0267238,0.13686304
-0.0396095,0.126677,-0.00334699,0.070018664
-0.0271315,0.0764239,0.0455715,0.029277246
-0.0587953,0.107012,-0.0177177,0.009704046
-0.0748314,0.11156,-0.00720996,0.026420759
-0.0642623,0.0888181,-0.018733,0.01721224
-0.0325172,0.0881157,-0.0255424,0.060247596
0.00325654,0.0700086,0.0561047,0.012391529
0.0103151,0.0636713,0.0537558,0.010113447
0.0432701,0.0979967,0.00267804,0.012352729
-0.0708223,0.156244,0.021207,0.037478082
-0.0584176,0.0702277,0.0384322,0.03722254
-0.0703207,0.112305,-0.00963846,0.025697624
-0.0581653,0.0881983,-0.0208369,0.012932971
-0.0443038,0.0877156,-0.0218942,0.03774565
-0.0488091,0.0660127,0.0373959,0.0682803
0.00269411,0.126911,0.030114,0.023952365
0.0239692,0.12105,0.0288706,0.022323169
-0.0469203,0.117468,0.0314407,0.053207062
-0.091552,0.143361,0.0201623,0.03945442
-0.0907563,0.143859,0.0263089,0.03627378
-0.0495713,0.144022,0.00976642,0.17867567
-0.0770934,0.15583,-0.0147903,0.154405
-0.0868322,0.105634,0.00887573,0.044995263
-0.082848,0.131648,-0.00299747,0.02596812
-0.0384249,0.106407,-0.0201393,0.013433699
-0.0823953,0.118841,-0.00336022,0.026194548
-0.0102333,0.0876697,-0.0375101,0.030471548
-0.00789361,0.089842,-0.0363492,0.025479594
-0.0579097,0.111769,-0.0161856,0.012574733
0.0140074,0.105793,-0.0193841,0.0063123344
-0.00328561,0.105435,-0.0225198,0.008478229
-0.0409613,0.070972,0.0419904,0.026338855
-0.033501,0.0710512,0.0409793,0.026961638
-0.0272732,0.0701361,0.0410332,0.024690691
-0.0161963,0.127121,0.0228897,0.02105615
-0.0190644,0.127936,0.0133818,0.022501824
-0.0149926,0.0694778,0.0545159,0.025313694
-0.00932719,0.0707313,0.0562936,0.024562176
-0.002994,0.0710941,0.0575426,0.016490078
0.00838831,0.0714267,0.0556585,0.01171175
0.0102531,0.0693533,0.0547665,0.010638208
-0.0323939,0.153399,-0.00240332,0.15327583
0.0435981,0.0881514,0.0254203,0.015823932
-0.0586529,0.124882,-0.00781093,0.06799916
-0.0204287,0.107045,-0.022046,0.011293468
-0.0382961,0.0879422,-0.0229335,0.05607229
-0.081573,0.113394,-0.00173083,0.033763207
-0.0380811,0.154778,-0.00889149,0.16425833
-0.00212588,0.0889926,-0.0354677,0.024151683
0.00904065,0.100193,-0.0222794,0.008265962
-0.0467068,0.0700493,0.0405769,0.026382944
-0.0779974,0.151244,0.0352264,0.056989677
0.0149019,0.116126,0.0367849,0.0101188
-0.07603,0.106301,-0.0087688,0.021745266
-0.0885261,0.137839,0.0393964,0.046138108
-0.0703112,0.131278,-0.00857724,0.08364846
0.0419377,0.0703605,0.0288832,0.04625815
0.0514194,0.0684326,0.0256968,0.048548162
-0.0922548,0.124813,0.0393757,0.048494752
0.0135035,0.128105,0.0250558,0.022445364
-0.0704618,0.125421,-0.00881334,0.04667757
-0.0703931,0.118731,-0.00840961,0.028151574
-0.0719685,0.106305,-0.0114493,0.016793601
-0.0646972,0.161498,-0.0573125,0.08292207
0.0463693,0.0715128,0.0216754,0.061402053
-0.0538246,0.153497,0.0152346,0.1383521
-0.0142869,0.0724666,0.0554243,0.027123842
-0.0394057,0.118512,-0.01336,0.02195466
-0.0280509,0.0880065,-0.0330858,0.043183614
-0.00957701,0.168254,-0.0212321,0.0817958
-0.0445856,0.167324,-0.00782662,0.15803683
-0.0513101,0.161594,-0.00355965,0.17198907
-0.0702356,0.179304,-0.0569867,0.09223921
-0.0644695,0.168402,-0.0398946,0.10376067
-0.0089459,0.130139,0.00911776,0.012990268
0.00219503,0.0880369,-0.0342201,0.020034643
-0.0268891,0.16726,-0.0174204,0.119888574
-0.0525985,0.155054,-0.00368706,0.20558271
-0.0761618,0.131736,-0.00696723,0.06767915
-0.0759576,0.07099,0.0265672,0.019743698
-0.00875341,0.10588,-0.02285,0.008287334
-0.0519242,0.1493,-0.00277595,0.2060321
-0.016371,0.18465,-0.0214272,0.08973816
-0.020548,0.0705632,0.0520411,0.016625185
-0.0813371,0.120073,0.049533,0.105705336
-0.0625087,0.149934,-0.0150319,0.23424643
-0.0831098,0.10651,0.0273461,0.08256153
-0.011119,0.163582,-0.018751,0.081078015
-0.00291057,0.101147,0.0456419,0.009153993
-0.0635467,0.0660523,0.0318653,0.060335375
-0.0511979,0.0873878,-0.0217212,0.01638649
-0.0530335,0.0740367,0.0417219,0.025823921
-0.0465007,0.0756701,0.0421325,0.016814644
-0.022314,0.0760359,0.0530306,0.022609835
-0.0151351,0.0764056,0.0563566,0.030910911
-0.00900601,0.0766621,0.0575852,0.022922559
-0.00299732,0.0767339,0.0584651,0.014059877
0.00347424,0.0769755,0.0565905,0.012939114
0.00860763,0.0767538,0.0557293,0.0118642375
-0.0271239,0.156216,-0.00302734,0.14789602
-0.0633091,0.16738,-0.0580906,0.091641545
-0.0873943,0.144225,0.00902371,0.037029613
-0.0626891,0.162297,-0.0470925,0.09243951
0.0370111,0.110397,0.00265294,0.014890266
-0.0744006,0.144062,-0.00864565,0.19773516
-0.0244124,0.183841,-0.0135068,0.08165456
-0.0803381,0.0715473,0.0150483,0.017087871
-0.0644528,0.0761561,0.040638,0.023343023
-0.0588413,0.0753794,0.0421022,0.024900218
-0.0524294,0.077372,0.0433357,0.016328126
-0.0484981,0.0769334,0.043281,0.01514659
-0.0414954,0.0773856,0.0429005,0.023794748
-0.0395008,0.0754808,0.0425134,0.024235195
-0.033488,0.0764759,0.0414605,0.033013854
-0.0627838,0.162163,-0.0530538,0.082922064
0.0381456,0.0881056,-0.0138675,0.01254236
-0.0642837,0.0396418,0.039624,0.18668757
-0.0526672,0.121335,-0.010917,0.036919113
-0.0738104,0.162942,-0.037093,0.11801027
-0.0490869,0.13938,0.00889895,0.14503874
-0.0495771,0.166027,-0.00171113,0.16157855
-0.0709736,0.161609,-0.0450808,0.09302554
0.0251847,0.12195,0.0254854,0.022604395
-0.0193615,0.0781018,0.0558163,0.028634353
-0.0265458,0.120645,-0.00911332,0.023472417
-0.061796,0.155741,-0.0207923,0.15294266
-0.082476,0.110295,0.0324103,0.070478454
-0.0691674,0.156314,-0.050857,0.081516296
-0.0622848,0.16236,-0.0396288,0.114464976
-0.088248,0.113803,0.0264606,0.039430764
-0.0575392,0.0787026,0.0436363,0.021198893
-0.0298439,0.0782596,0.0421168,0.038591843
-0.0677617,0.0876701,0.0434928,0.02347954
-0.0921939,0.131884,0.015227,0.01775088
-0.0878987,0.111742,0.0209206,0.037698425
-0.049353,0.139298,0.0147955,0.077403866
-0.0327071,0.173321,-0.0149209,0.11553639
-0.0866298,0.152851,0.0149144,0.059226196
-0.0779646,0.100025,0.035185,0.08451401
-0.0935537,0.118404,0.0151524,0.03185687
-0.084908,0.10801,0.0228537,0.05717699
-0.0210677,0.0821213,0.0562096,0.028425254
-0.0149957,0.082187,0.0572635,0.036015436
-0.00899671,0.0822178,0.0576875,0.030640902
-0.00299966,0.0822055,0.0574653,0.020179614
0.0034748,0.0817533,0.0567544,0.017328136
0.00824833,0.082992,0.0556315,0.01574989
0.0102414,0.0812949,0.0546523,0.012808379
-0.0398496,0.123966,-0.00878898,0.03512822
-0.092257,0.124769,0.00902091,0.027939497
-0.0436728,0.126191,0.0209533,0.07106146
-0.0820425,0.105873,-0.00271871,0.029314844
-0.0663016,0.0807623,0.0424437,0.025498487
-0.0639939,0.0836688,0.0439754,0.023030974
-0.058539,0.0825906,0.0439671,0.019623706
-0.0521209,0.0822523,0.0446262,0.01508025
-0.0467559,0.0828569,0.0439458,0.021849528
-0.0424962,0.0810729,0.0423266,0.021952221
-0.0404903,0.0830123,0.0430984,0.032880493
-0.0365108,0.0825773,0.0434355,0.038068537
-0.032204,0.0824171,0.0421121,0.0427212
-0.0864005,0.152981,0.0204492,0.064364605
-0.0235661,0.115415,0.0353667,0.016572373
-0.0764871,0.111685,0.0461598,0.090309486
-0.0763895,0.14977,-0.00829972,0.19832042
-0.0754801,0.161855,-0.0327796,0.124982074
-0.0285733,0.0828247,0.0462702,0.03889
-0.0862819,0.100797,0.0028483,0.027425464
0.021088,0.08242,0.0504086,0.008134129
-0.0801892,0.143128,-0.00230055,0.08728879
0.00844098,0.124407,-0.00878569,0.017659362
0.0147552,0.0825883,0.0529115,0.011199448
-0.061995,0.161169,-0.032654,0.12953211
-0.0807571,0.1525,0.0307996,0.045354094
-0.00295953,0.130272,0.00279699,0.015668422
-0.0153619,0.0884791,0.0565599,0.033589907
-0.00899729,0.0878977,0.0570287,0.032764744
-0.00299611,0.0880658,0.0568489,0.024962066
0.00301457,0.0885291,0.0562756,0.018827647
0.00834267,0.0873808,0.0555541,0.016494103
-0.00897481,0.0941651,-0.0338408,0.019003663
0.0314278,0.11673,0.0250113,0.020890592
-0.0760602,0.155337,0.0093949,0.06536198
0.0257808,0.116776,-0.00728909,0.016404308
-0.0646577,0.0882843,0.0447113,0.022395922
-0.058996,0.0882997,0.0449149,0.017656727
-0.0529958,0.0883132,0.0451395,0.013386088
-0.0465421,0.0881579,0.0443187,0.017358337
-0.0404961,0.0876863,0.0430941,0.025982687
-0.0331792,0.0885648,0.04366,0.044959437
-0.0280482,0.0879652,0.046363,0.04070431
0.0150626,0.0881784,0.0517745,0.01395004
0.0205955,0.087113,0.0492325,0.009962354
-0.0702712,0.0823874,0.0409431,0.027735814
-0.0296926,0.0896882,-0.0286839,0.047458254
-0.0236137,0.179242,-0.0115629,0.09745284
-0.0809391,0.100029,0.0323433,0.0596191
-0.0928336,0.130683,0.0207107,0.015814189
-0.0761771,0.156201,-0.0204165,0.13808239
0.0146577,0.129396,0.00843576,0.014363212
0.0104845,0.089766,0.0542005,0.015677813
-0.072579,0.161253,-0.0389447,0.11463831
-0.0322741,0.110391,-0.0184574,0.015806839
-0.0550172,0.150108,0.027792,0.046495162
-0.071635,0.0883254,0.0414652,0.02371188
-0.0424904,0.0895336,0.0426086,0.026334666
0.0207945,0.0897491,0.0484315,0.011594598
0.0273189,0.118845,-0.00265658,0.016596187
0.0285218,0.121112,0.0162366,0.014241369
-0.00899735,0.0930598,0.0559298,0.02411271
-0.00291176,0.118727,-0.0144021,0.012175199
-0.0885191,0.113233,0.0327948,0.047558323
-0.0713744,0.0938304,0.0415269,0.042747043
-0.0641029,0.0935514,0.0439488,0.03488569
-0.0584965,0.0944146,0.0446213,0.018994099
-0.0515853,0.0939836,0.0442383,0.011884077
-0.0465591,0.0937901,0.0436103,0.017133733
-0.0414914,0.0942416,0.0425268,0.027189093
-0.0377723,0.0933327,0.0434889,0.03335401
-0.0332864,0.0945766,0.0443868,0.037884325
-0.0263807,0.094318,0.0450568,0.031785637
-0.0141606,0.0929618,0.0553898,0.026988007
-0.00319641,0.0930898,0.0557853,0.021149842
0.00150357,0.0931879,0.0551544,0.017570464
0.00367616,0.0950752,0.0535295,0.013868104
0.00915739,0.0941794,0.0519212,0.013419625
0.0216553,0.0937794,0.0473202,0.014507397
-0.0702968,0.174481,-0.045888,0.08863555
-0.0305889,0.168899,-0.00702359,0.15249144
-0.0528191,0.162649,0.00296711,0.21325879
-0.0890968,0.0940104,0.0208024,0.026301652
-0.0626249,0.173112,-0.0586131,0.09351779
-0.0443835,0.105923,-0.0201903,0.010723614
-0.0664958,0.0951776,0.0424531,0.04025772
-0.0324384,0.126415,0.0146752,0.055648778
-0.0152469,0.0961657,0.0518098,0.0221882
-0.0097537,0.0960506,0.0535818,0.016783236
-0.00304601,0.0963367,0.0537791,0.014693687
0.01642,0.0957081,0.0480381,0.012621826
-0.0876548,0.105191,0.0148253,0.044533446
-0.0699417,0.0763232,0.0381496,0.025194695
0.0358078,0.0958594,-0.0120328,0.015795551
0.0374966,0.100154,0.031249,0.012514677
-0.0530195,0.150059,0.0207323,0.065016165
-0.0905911,0.131765,0.0328667,0.029638303
-0.0709717,0.147309,-0.0268389,0.12709478
-0.0443321,0.0935075,-0.0222668,0.029989142
-0.0400911,0.128618,0.00909496,0.12165951
-0.0710054,0.100275,0.0398128,0.088389196
-0.0653063,0.100124,0.0417262,0.07439179
-0.0589969,0.0980495,0.0430328,0.030866181
-0.0529938,0.0980631,0.0432952,0.013764784
-0.0469951,0.0980659,0.043235,0.013480337
-0.0408476,0.100401,0.0414668,0.018958291
-0.0323344,0.0988071,0.0435216,0.033261362
-0.0259464,0.0998425,0.0438947,0.025913835
-0.0212066,0.0999849,0.0444194,0.014696587
0.00749586,0.09835,0.0488255,0.00898058
0.0090271,0.101109,0.0469975,0.0075589735
0.0153076,0.100008,0.0472449,0.008913218
0.0208175,0.100067,0.0453866,0.011166013
-0.0648326,0.131509,-0.00838673,0.10376084
-0.0740297,0.150832,-0.0323367,0.12943156
-0.0932444,0.124885,0.026841,0.02483563
-0.0633239,0.169093,-0.0610358,0.09164155
-0.0771158,0.162488,-0.0202679,0.13209236
-0.0585669,0.0647555,0.0323611,0.10753959
0.0377689,0.110383,0.00969065,0.011319708
-0.0503559,0.0935892,-0.0218956,0.014817804
-0.0589961,0.101543,0.042437,0.044950943
-0.0516647,0.101981,0.0417488,0.019039063
-0.0469248,0.101325,0.0421166,0.0164724
-0.0352173,0.101965,0.0413638,0.020076627
0.00285015,0.100935,0.0464433,0.008362226
-0.075479,0.150312,-0.0143808,0.17132643
-0.078936,0.108126,-0.00525459,0.028552515
-0.0251472,0.168981,-0.0187156,0.10544381
-0.071457,0.113692,0.0499983,0.07748776
-0.0747771,0.0997536,0.0377868,0.09082222
-0.0902919,0.137212,0.0146286,0.021021178
-0.0264568,0.105883,0.0411765,0.012264717
-0.0209966,0.1044,0.0429589,0.0107443
-0.0145208,0.105597,0.0430511,0.0076505514
-0.00899316,0.10622,0.0435541,0.009487237
-0.00289533,0.105882,0.0438861,0.008409376
0.00245231,0.105621,0.0429868,0.0067411056
0.00945613,0.104903,0.0439002,0.006390729
0.0149913,0.104769,0.0443348,0.007246635
-0.0772186,0.106139,0.0350601,0.11401541
-0.0708601,0.106945,0.0381598,0.14336956
-0.0652985,0.106577,0.0390805,0.09955384
-0.0583896,0.105623,0.0405326,0.062298227
-0.0529341,0.106445,0.0398435,0.041273613
-0.0461638,0.105797,0.0404843,0.020978808
-0.0400204,0.106789,0.0388993,0.016196331
-0.03311,0.106322,0.0394461,0.012768777
0.0193026,0.10477,0.0431964,0.009062953
-0.0501412,0.13774,0.00286739,0.14634986
0.0266104,0.105911,0.0384052,0.012437507
0.0438719,0.088439,-0.0031027,0.016395938
-0.0590381,0.113203,0.0362299,0.0726684
-0.021499,0.107851,0.0414162,0.009097488
-0.0164951,0.107881,0.0420289,0.008123557
0.00450524,0.107918,0.0419336,0.0067361817
0.00856234,0.108229,0.0410531,0.0052938135
0.0149994,0.10779,0.0412845,0.00687942
0.0213049,0.106041,0.0409433,0.009596993
-0.0336665,0.167843,-0.00338268,0.14494182
-0.0587789,0.131705,-0.00671001,0.08628988
-0.0443517,0.100306,-0.0215281,0.01727531
-0.0147306,0.179604,-0.0266222,0.09212789
0.0159582,0.108177,-0.0177822,0.0076420726
-0.0638447,0.138119,-0.00733006,0.1177196
-0.0330953,0.167861,-0.0155539,0.13710092
-0.0643684,0.125359,-0.00876153,0.071435794
-0.032583,0.161992,-0.0142418,0.15068597
-0.068568,0.110392,0.0392194,0.13155599
-0.0643494,0.112195,0.0388907,0.10221167
-0.0593722,0.112082,0.0373875,0.08570774
-0.0529986,0.110472,0.0373551,0.051883996
-0.0468613,0.11028,0.0378862,0.02997152
-0.040984,0.110496,0.0370883,0.028896885
-0.0320055,0.110468,0.0370438,0.016225828
-0.0074871,0.110717,0.042649,0.00821933
-0.00449218,0.110714,0.0426582,0.0077964133
0.0250033,0.110611,0.0368459,0.013923739
0.025919,0.0995286,-0.0189206,0.008086255
-0.06973,0.112153,0.0457184,0.08836621
-0.045604,0.148834,-0.00329924,0.20494242
-0.0653006,0.0947889,-0.0177657,0.012251214
-0.0906677,0.13318,0.0277848,0.020950053
-0.0331508,0.094474,-0.0237799,0.048741113
-0.0575764,0.0941613,-0.0208023,0.009748601
-0.0200586,0.0397198,0.0532237,0.13081752
-0.0203685,0.0352888,0.051184,0.1315093
-0.0764163,0.125947,-0.00745144,0.034577396
-0.0205906,0.167551,-0.0139677,0.099329956
0.025858,0.116851,0.0315289,0.020036083
-0.0139279,0.167191,-0.021044,0.087091476
-0.0587481,0.149802,-0.00133886,0.20058785
0.0144191,0.0395247,0.0443396,0.052427843
0.0332953,0.105473,0.0329627,0.015335031
-0.0647461,0.114313,-0.0115219,0.022726057
-0.0520818,0.0353771,0.0449331,0.16792122
-0.015004,0.0392095,0.0513548,0.12050721
-0.0094925,0.0384962,0.049554,0.09944951
-0.0638496,0.117631,0.0454477,0.067278266
-0.0573025,0.136864,0.033162,0.014713525
0.0189101,0.0400942,0.0428502,0.047977
-0.0508192,0.124393,0.0332635,0.04470033
-0.0182623,0.180885,-0.017743,0.08973812
-0.0651271,0.150343,-0.0325707,0.12899213
0.0332966,0.0936886,0.0400216,0.012564283
-0.0463011,0.149493,0.00833001,0.20609304
0.00260773,0.0354887,0.0450013,0.07511049
-0.0780807,0.10971,0.0423535,0.10367143
-0.0542262,0.124756,0.0369858,0.03881947
-0.0402584,0.0361447,0.0436625,0.15388417
-0.00317483,0.0942874,-0.0331049,0.015180497
-0.0151032,0.179716,-0.0207621,0.08701007
0.026141,0.0403246,0.0327265,0.044936907
-0.0640247,0.111376,-0.0136272,0.013992769
0.027817,0.112309,0.0339118,0.01846731
-0.0586332,0.142774,0.0334953,0.027959213
-0.0146622,0.167501,-0.0154455,0.08179579
-0.0270893,0.167298,-0.00866399,0.14278467
0.0152056,0.045813,0.0442638,0.047005452
0.0190988,0.0442996,0.0429,0.040160954
0.0215694,0.0456112,0.041209,0.040572714
0.0257452,0.0459137,0.0381185,0.03865236
0.0387365,0.0944447,0.0327088,0.012016501
0.0287308,0.0456722,0.0347466,0.042120535
-0.0151805,0.173809,-0.0213305,0.08946273
-0.0658903,0.118253,0.0498126,0.066969275
-0.0628345,0.093206,-0.0188544,0.013086036
-0.0643065,0.142451,0.0394123,0.041758567
-0.040079,0.150283,0.00280951,0.16674462
-0.026851,0.173268,-0.00983852,0.12080227
-0.0207913,0.173767,-0.0147826,0.08701008
-0.0582334,0.124238,0.0403406,0.039904293
-0.0683337,0.131545,0.0479709,0.043361735
-0.0693547,0.10637,-0.012803,0.014606474
-0.0428668,0.157627,0.0050419,0.164798
-0.0476449,0.130368,0.0258834,0.05997988
0.0379451,0.0817167,-0.0141547,0.009276592
0.0312298,0.0470286,0.0324465,0.040713534
-0.0662284,0.138149,0.042896,0.036511585
-0.0644094,0.105575,-0.0158634,0.009311186
0.0411271,0.0443713,0.0285474,0.03393354
-0.0830031,0.0762361,0.0150296,0.018085273
-0.0660167,0.123488,0.0501643,0.047498494
-0.0416352,0.155329,0.00636435,0.15954272
-0.0388456,0.155994,0.00477206,0.15755874
-0.0551732,0.116538,0.0359195,0.04785409
-0.0600069,0.134082,0.0369434,0.012205712
0.0452816,0.0453284,0.0263124,0.042290848
0.0513161,0.0463154,0.0204963,0.05544629
-0.0106687,0.172847,-0.0215627,0.083046384
-0.0147735,0.18419,-0.0259341,0.08973812
0.0301064,0.106776,0.0358091,0.016229978
-0.063709,0.125122,0.0457451,0.04051125
0.0473431,0.0499217,0.0295077,0.04841313
0.0497106,0.0482066,0.0259506,0.056607462
0.0518484,0.0518415,0.0267161,0.058183454
-0.0162732,0.172938,-0.0174582,0.08712864
0.0355097,0.107304,0.0291151,0.013100228
-0.0552656,0.143077,0.0300537,0.025946157
-0.0637191,0.136482,0.0388176,0.026829889
-0.0199086,0.161072,-0.00863325,0.11264956
-0.0209172,0.179282,-0.0148523,0.08418458
0.014511,0.0513519,0.0474271,0.017994119
-0.0610259,0.126912,0.0416133,0.019024154
0.0539905,0.0494141,0.0219114,0.06932186
0.00925922,0.118865,-0.0148674,0.013690189
-0.0268384,0.162091,-0.00836699,0.13904141
-0.0367024,0.163198,-0.00107067,0.16964652
-0.0336432,0.155948,0.00188963,0.15559998
-0.0280966,0.159587,0.000483069,0.15135255
-0.026491,0.16163,-0.00321758,0.13481821
0.0206613,0.0528733,0.0451655,0.01202205
0.0231576,0.0513069,0.0414753,0.02020608
0.0266044,0.0526516,0.039853,0.016937217
0.0309772,0.0527823,0.0371348,0.02248286
0.0239371,0.103424,0.0418106,0.0125344135
0.0568895,0.0527484,0.0209204,0.08168891
-0.0664209,0.11329,0.0441331,0.09672343
-0.0326789,0.162384,-0.00243762,0.1641253
0.0145199,0.0932586,-0.026363,0.010199464
-0.0543983,0.119186,0.0365781,0.051230017
-0.0564272,0.132376,0.0357966,0.017025832
-0.0501636,0.142911,0.00230897,0.17820768
-0.043714,0.147707,0.0038501,0.19155249
-0.0291346,0.177171,-0.00534178,0.12369411
0.0357304,0.100363,-0.0111604,0.016245093
0.0133943,0.0541536,0.0499521,0.010507508
0.0551089,0.0545007,0.0253961,0.07741141
0.0291033,0.0572886,0.0407089,0.011299445
0.0585723,0.0583402,0.0214893,0.09022072
-0.0740322,0.0656952,0.0144875,0.02489376
-0.0749844,0.179305,-0.0518221,0.08863554
0.0145778,0.0585769,0.0501691,0.008064834
0.0214876,0.058332,0.0470549,0.00509386
0.0259507,0.0590004,0.0437762,0.0052644033
0.032833,0.0585633,0.0387158,0.01475954
0.0358218,0.0578374,0.0350365,0.026668428
0.0360585,0.0951301,0.0364902,0.013142147
-0.0886806,0.118283,0.0459142,0.07039345
0.0562736,0.0586365,0.0253398,0.07592774
0.0303311,0.0951295,0.0419589,0.012120317
-0.0222315,0.167389,-0.0110472,0.106780216
-0.0543257,0.136577,0.0307959,0.020669334
-0.0500074,0.150447,0.0117579,0.20115252
-0.0616289,0.137406,0.0354744,0.020763637
-0.0319367,0.159507,0.00191749,0.15156001
-0.0634458,0.132148,0.0406867,0.022440368
0.0368678,0.0921989,0.0367449,0.0112278415
-0.0728433,0.156137,-0.0339112,0.12409581
0.0389872,0.0640689,0.0330299,0.030888392
-0.0636611,0.1488,-0.0205996,0.14044276
0.0153938,0.0648444,0.0513036,0.0069120415
0.0213958,0.0645506,0.0473078,0.004431996
0.0265105,0.0649235,0.0439721,0.004488085
0.0302364,0.0650657,0.0415975,0.007286201
0.0331295,0.0642221,0.0397381,0.015897054
0.0367885,0.065027,0.0366867,0.022015048
0.0563131,0.0650782,0.0252208,0.058173724
0.0591364,0.0644742,0.0211357,0.07933982
-0.0110683,0.167098,-0.0167807,0.081795774
-0.0605202,0.146205,0.0366666,0.04138279
0.0194528,0.0665736,0.0491642,0.0047214595
-0.0286777,0.158132,0.000508817,0.14781164
0.0253025,0.0989569,0.0434277,0.012431769
-0.0349979,0.152158,8.20736e-05,0.15008397
0.014665,0.070627,0.0528306,0.0076647117
0.0202908,0.071041,0.0498828,0.0044757584
0.0230702,0.0702991,0.0473835,0.0044827634
0.0263693,0.0706238,0.0441789,0.004990183
0.0328306,0.0707606,0.0401362,0.007786786
0.0368832,0.070672,0.0365953,0.016718067
0.0398878,0.0705632,0.0325808,0.026374787
0.0579544,0.0694794,0.0198345,0.061676957
-0.0641704,0.063724,0.0268682,0.092746414
-0.0919499,0.114216,0.0149265,0.030447267
0.0351624,0.0819076,-0.0172502,0.010568036
-0.0862408,0.119271,-0.00117534,0.02214877
-0.0294401,0.174958,-0.00579982,0.1443446
-0.0175288,0.165418,-0.0114925,0.0883901
-0.0617869,0.117789,0.0409144,0.070263125
0.0301891,0.0723658,0.0418804,0.005573977
-0.0822099,0.149486,0.00288044,0.072013244
-0.0760271,0.175704,-0.0506937,0.08863555
-0.0652343,0.0614738,0.0211346,0.07609768
-0.0266574,0.110394,-0.019007,0.012076542
-0.0813538,0.0779161,0.0268055,0.021285256
0.021417,0.118723,-0.00893569,0.014533266
0.0149346,0.0759297,0.0536191,0.008391244
0.0209886,0.0761609,0.0506055,0.0047763395
0.0268396,0.0762089,0.0459193,0.005343662
0.0336785,0.0760737,0.0405166,0.0069465456
0.0373422,0.0760306,0.0366776,0.013131573
0.0400324,0.0763062,0.0328345,0.025231516
0.0419048,0.076876,0.0296092,0.036674064
0.0438094,0.0763805,0.0258638,0.045041125
-0.0452412,0.118472,-0.0142046,0.02264301
0.0456773,0.0768089,0.0208187,0.055035528
-0.050165,0.137714,0.0207618,0.03963989
-0.00327054,0.111563,-0.0203549,0.007544875
-0.0483236,0.145111,0.00757835,0.2187007
0.0310833,0.0775315,0.0432282,0.0065355534
-0.046855,0.145222,0.00288431,0.21129625
-0.0141716,0.10541,-0.0225802,0.01130083
0.0470348,0.0753979,0.0148736,0.07556214
-0.0611433,0.140542,0.0356184,0.029855018
0.0272779,0.0823714,0.0459243,0.0068926713
0.0309212,0.08255,0.0430252,0.008406839
0.0343037,0.0825412,0.0402907,0.009522932
0.0370354,0.0824663,0.0369099,0.0097670145
-0.0799946,0.147989,-0.000835337,0.11722021
-0.0774435,0.0690153,0.00961977,0.016930152
0.0404363,0.0826995,0.0326021,0.017659377
0.0417479,0.0827335,0.0302524,0.018967684
0.0436887,0.0825508,0.0263844,0.029926833
0.0454407,0.0825465,0.0207137,0.042124826
-0.0822812,0.116295,0.0482855,0.08581102
-0.0844726,0.0947391,-0.00345192,0.020534975
-0.020271,0.168003,-0.0193935,0.084836274
-0.0742716,0.0668501,0.0190414,0.017255744
0.026747,0.0882417,0.0458314,0.010540314
0.0308722,0.0882572,0.0430146,0.010788105
0.0344922,0.0883047,0.0403697,0.011784412
0.0372481,0.0881263,0.0366393,0.011816063
0.039927,0.088094,0.0326668,0.011335206
0.0419027,0.0877782,0.0290815,0.015736884
0.00264738,0.112302,-0.019871,0.007243373
-0.0703315,0.1455,-0.0205576,0.14364438
-0.0749446,0.137879,-0.00653312,0.1253123
-0.0266967,0.114299,-0.0159903,0.016386185
-0.0869924,0.113518,0.00410409,0.040141445
-0.0142186,0.174013,-0.0259807,0.09223559
-0.0221564,0.157852,-0.00861651,0.11289577
-0.011587,0.164129,-0.0163045,0.08166917
-0.00997381,0.169338,-0.0247765,0.083046384
-0.082875,0.143405,0.00186692,0.037264075
0.0203757,0.0354405,-0.00287175,0.036917564
0.0191274,0.0363337,-0.00917714,0.04653315
0.0184456,0.036388,-0.013479,0.04499033
0.0149535,0.0347732,-0.0154937,0.05538269
0.0221204,0.0372026,0.0342324,0.055338938
0.039271,0.0382866,0.00854708,0.030125365
0.0397549,0.0398545,0.002614,0.03616136
0.0221892,0.0380614,-0.00446361,0.0411426
0.0179901,0.0369066,-0.0161835,0.046862315
0.0154148,0.0392444,-0.0212861,0.053151935
0.0208023,0.100118,-0.0213392,0.006614207
0.0446004,0.0409064,0.00927401,0.040819112
0.0435625,0.0411355,0.00427044,0.0457733
0.0381381,0.0411139,-0.00147908,0.03145543
-0.0478807,0.135207,0.00885778,0.12539963
0.0217274,0.0404287,-0.00964433,0.043160778
0.0206744,0.0405956,-0.0144437,0.045404587
0.0192578,0.0411681,-0.0195074,0.03582222
-0.0885736,0.112913,0.0395856,0.04875427
-0.026793,0.106457,-0.0218501,0.015671887
0.0481487,0.0428585,0.0145594,0.036553066
0.0521212,0.0461655,0.0089655,0.047811307
0.0480438,0.0430647,0.00724585,0.047046743
0.0460936,0.0434131,0.00284357,0.048309147
0.0285003,0.100485,-0.0168103,0.010839279
0.0269462,0.0395833,-0.00334578,0.03587235
-0.0907856,0.117838,0.00647331,0.034516845
-0.062721,0.167567,-0.0470628,0.099235125
-0.0799532,0.106813,0.0316838,0.11275659
0.0527437,0.0462125,0.0139554,0.056084186
0.0504533,0.0466263,0.00264513,0.05758301
-0.0322581,0.117324,-0.0133273,0.021540329
0.0272475,0.0455966,-0.00927071,0.036429904
-0.0146455,0.0942084,-0.0337341,0.022342233
-0.0411545,0.16722,-0.010818,0.14881139
-0.0721385,0.156112,-0.0384102,0.11136627
0.0456803,0.0474217,-0.00311192,0.04217574
0.0239407,0.0433254,-0.00969837,0.036847528
0.021084,0.0462585,-0.0205303,0.029043254
-0.0348527,0.0351549,-0.0307351,0.15547572
-0.0699867,0.0663066,0.0259153,0.04002533
-0.0747071,0.149891,-0.0201453,0.13639913
-0.0845448,0.13725,0.000743181,0.021515237
0.0549514,0.0484178,0.0163982,0.06544881
0.0264565,0.0466261,-0.0141039,0.02718167
0.0225276,0.0444655,-0.0157683,0.035609834
0.0330538,0.0938135,-0.0160538,0.014369064
0.0526476,0.0694992,0.00297306,0.05452504
0.0528544,0.0581339,-0.00277966,0.04678657
-0.0571464,0.0671799,0.0361705,0.064987496
-0.0651544,0.157167,-0.0515491,0.082922064
-0.0493189,0.133682,0.00119868,0.15411256
-0.032962,0.10595,-0.0206729,0.01722931
-0.0649538,0.155656,-0.045631,0.09856671
-0.0390456,0.150445,-0.00354536,0.14593837
0.0574365,0.051618,0.0145183,0.07091989
0.0574129,0.0522531,0.00903377,0.069933765
0.0536112,0.0500965,0.00204174,0.06374172
0.0512204,0.0520121,-0.00218354,0.047039684
0.0471226,0.0515811,-0.00481298,0.03413245
0.033443,0.047576,-0.0063817,0.03255056
0.00280933,0.118297,-0.0158208,0.012810435
-0.0147841,0.10125,-0.0238408,0.013923063
-0.0620037,0.167422,-0.0527165,0.09164155
0.0559147,0.0528382,0.00339683,0.06966495
0.0334801,0.0518506,-0.00825293,0.0314222
0.0287814,0.0501171,-0.0157926,0.02143223
0.0256197,0.0485542,-0.0190548,0.019100731
-0.00863537,0.118406,-0.0146114,0.013469829
-0.0148322,0.117675,-0.014701,0.014175132
-0.0615138,0.145712,-0.00481276,0.15633222
0.0232531,0.12083,-0.00456186,0.017551802
-0.0401535,0.0342718,-0.0275149,0.19324635
0.0302657,0.0496868,-0.0107289,0.023992734
0.0320066,0.111334,-0.00737407,0.017584043
-0.0211003,0.120417,-0.0102482,0.019840298
-0.0204991,0.117125,-0.0140803,0.015864423
-0.00910263,0.0383602,-0.025776,0.07761285
-0.0525144,0.11229,-0.0171034,0.013177003
0.0202353,0.123713,-0.00247094,0.018318582
-0.0701749,0.0347541,-0.0017891,0.20556614
-0.00340266,0.114844,-0.0176928,0.008837171
0.0310248,0.053713,-0.0140522,0.021407291
0.0268191,0.0528482,-0.020339,0.01461975
-0.0147458,0.120673,-0.0105853,0.016774427
0.0270905,0.106214,-0.0146756,0.010612073
0.0465541,0.0697991,0.00228503,0.05244967
-0.00300122,0.100676,-0.0235814,0.0100794835
-0.0755874,0.076212,0.033468,0.023774462
0.059738,0.0572998,0.0151736,0.09923444
0.0595394,0.0578717,0.00861672,0.0913317
0.0572091,0.0580526,0.00253507,0.070332736
-0.0142907,0.123147,-0.00746744,0.015941964
0.0211831,0.112303,-0.0140834,0.011420493
0.0347455,0.0565046,-0.010714,0.025812479
0.0249138,0.0825163,-0.0245877,0.0074455584
-0.0382227,0.114521,-0.016178,0.01810179
-0.0819485,0.0761672,0.0208322,0.018737921
-0.0269557,0.0392251,-0.0293943,0.12203651
0.0377037,0.0593401,-0.00852013,0.028222984
0.0330295,0.0586306,-0.014729,0.021497102
0.0218121,0.0515865,-0.0236492,0.015685681
-0.0204953,0.0935908,-0.0331675,0.027502364
-0.0872217,0.113521,0.0440666,0.06818068
-0.0271537,0.0351608,0.0509267,0.15710019
-0.0503825,0.106302,-0.0194598,0.008528363
0.0266611,0.0585067,-0.0219134,0.011991268
0.00975018,0.0945932,-0.0280451,0.010912862
-0.0205524,0.122391,-0.00754739,0.023673004
-0.0668021,0.0909191,-0.0174744,0.01611202
-0.0856155,0.0942099,-0.00109094,0.020521875
-0.0915274,0.11444,0.0204492,0.033029236
-0.0909048,0.131701,0.00809159,0.018655501
0.0404851,0.0578886,-0.0051698,0.031924706
0.0295964,0.0580473,-0.0178274,0.014545965
0.0266986,0.0941359,-0.0205949,0.010523511
-0.0677104,0.172869,-0.0572602,0.09351778
0.0142001,0.118043,-0.013917,0.014225569
-0.0698171,0.0699687,0.0326375,0.018649636
0.0607097,0.0648802,0.0151632,0.092857264
0.0609346,0.0630505,0.0131585,0.100194715
0.0602205,0.0643718,0.00864139,0.08600583
0.0574055,0.0638877,0.00271573,0.06436685
-0.0797793,0.103858,-0.00660016,0.019450756
-0.0563867,0.137359,-0.00421998,0.08376096
0.0344512,0.0638263,-0.0152012,0.015369253
0.0307139,0.0605317,-0.0184589,0.012017117
0.0185684,0.121789,-0.00725624,0.018618586
-0.0456617,0.112414,-0.0169658,0.010039166
0.0456177,0.0644845,-0.00162168,0.040354677
-0.0584268,0.0349015,0.0441202,0.18215139
-0.0747982,0.0723674,0.0308514,0.021422125
-0.0699373,0.0621854,0.0151778,0.062437084
-0.052889,0.136519,-0.00170821,0.12271962
0.0410205,0.0644886,-0.00476733,0.032807462
0.0388712,0.0646166,-0.00976797,0.026678514
0.0514871,0.0637279,-0.00174794,0.040496543
-0.0787297,0.0744551,0.0267421,0.021527996
-0.0850281,0.144269,0.00618082,0.038379446
0.0313094,0.064487,-0.0188936,0.010044136
0.0267274,0.0646171,-0.0220842,0.01016569
0.0318737,0.0877439,-0.0192705,0.010900804
-0.0772455,0.143995,-0.00470939,0.12526019
0.0132576,0.110443,-0.0183541,0.008049245
-0.00289343,0.124723,-0.00863032,0.013733812
-0.0342868,0.038582,0.0485461,0.15549847
0.0200397,0.0876233,-0.0261205,0.011777955
0.0585453,0.0705354,0.0146976,0.0731042
0.0581405,0.0699819,0.00856199,0.07034123
0.056099,0.069436,0.00424359,0.06101108
0.0370479,0.0665186,-0.0132637,0.01476637
-0.062561,0.172971,-0.0616721,0.09351779
-0.0702718,0.15494,-0.0455472,0.10463266
-0.0916259,0.130499,0.00930481,0.01897251
-0.070021,0.148229,-0.0328231,0.12574998
-0.0721274,0.0680183,0.0267753,0.018259615
-0.0745337,0.15067,-0.0264303,0.13205376
0.0431087,0.0713461,-0.002764,0.03909371
0.0421659,0.0692525,-0.00466106,0.03553732
0.0345404,0.0699378,-0.0160391,0.009270207
-0.0342368,0.122912,-0.00708584,0.029999502
0.0401518,0.070932,-0.00951127,0.020974431
0.0370706,0.0707408,-0.013301,0.01388417
0.0310856,0.0702175,-0.0192905,0.007959504
0.0283004,0.0705453,-0.0222447,0.007265598
-0.00859023,0.101699,-0.0237897,0.009639281
-0.0328234,0.0400139,-0.029875,0.15026367
-0.0830588,0.11047,0.0397334,0.07978599
0.0142724,0.123237,-0.00806485,0.018097982
-0.0760443,0.108637,0.0389078,0.113807835
-0.0732762,0.154939,-0.0321392,0.12881264
0.0160324,0.0889232,-0.0282477,0.011668821
-0.0901677,0.131361,0.0394374,0.0464387
0.0455828,0.0768365,0.00270178,0.052595045
-0.0516717,0.0553965,0.014906,0.11422813
-0.0376545,0.121002,-0.0109724,0.026251476
0.0466318,0.0762885,0.00910629,0.068854444
0.0437303,0.0769241,-0.00295564,0.034669112
0.0405043,0.0766784,-0.0084913,0.017479049
0.0369463,0.0762836,-0.0128837,0.009112451
0.0349351,0.0766648,-0.0155944,0.008124594
0.0319237,0.0763904,-0.0194186,0.008892031
0.0285208,0.0758075,-0.0225233,0.007628891
-0.0646857,0.068809,0.0348219,0.03191205
-0.00335573,0.0986136,-0.0269283,0.010907496
-0.0383606,0.100112,-0.0217661,0.027112685
-0.0705433,0.149897,-0.0387319,0.11424572
-0.0247871,0.179215,-0.0188356,0.08573034
0.00339058,0.0937023,-0.0318365,0.015945293
-0.09099,0.142689,0.0226645,0.03576897
-0.0851088,0.102115,0.000391121,0.02739683
0.00299202,0.124707,-0.00864775,0.0155082205
-0.0649459,0.167336,-0.0329944,0.12756811
0.045975,0.0827243,0.0146716,0.04523622
0.0461931,0.0827376,0.00867911,0.04522493
0.0453461,0.0826602,0.00269811,0.038545296
0.032594,0.082231,-0.0190597,0.009860214
-0.0707752,0.142011,-0.00901143,0.23986083
-0.0396694,0.045239,-0.0210351,0.13425954
-0.0736488,0.145787,-0.0131048,0.21836422
-0.0661855,0.1779,-0.0529018,0.097439714
-0.0698006,0.179227,-0.0517285,0.09198038
-0.0719677,0.177848,-0.0474604,0.08912752
-0.0131817,0.0974247,0.0509808,0.018452602
-0.0760529,0.177651,-0.0471457,0.08654309
-0.0875274,0.149451,0.00937476,0.045104325
-0.0847504,0.149536,0.00652369,0.05340286
-0.0853843,0.0980412,-0.000554198,0.024098147
-0.070162,0.172945,-0.0393132,0.09580209
-0.0669053,0.17136,-0.0404187,0.09643045
-0.0915765,0.114644,0.0108349,0.03208016
0.0311175,0.116345,-0.00142056,0.017102156
-0.09039,0.144074,0.0142555,0.03600161
0.0533752,0.0724173,0.00805773,0.06670604
0.0348115,0.113636,0.00289967,0.014398435
0.0321047,0.117128,0.00373672,0.013737524
-0.0558554,0.16013,0.00226313,0.22124499
0.0284127,0.12005,0.00266093,0.014174366
-0.0693417,0.151526,-0.0443255,0.10080487
0.0509143,0.0733396,0.0112131,0.0758957
0.0485286,0.0726358,0.00856732,0.08137865
0.0251471,0.122517,0.00254898,0.014070978
-0.0684168,0.170157,-0.0319531,0.11856004
-0.071028,0.171274,-0.0325886,0.109924585
-0.0765634,0.155757,-0.00874762,0.18788712
0.0525206,0.0734678,0.0148876,0.07231542
0.035521,0.113454,0.00908801,0.010791541
0.0208324,0.125627,0.00327965,0.015211443
-0.0476722,0.134348,0.0194434,0.055130098
-0.0746083,0.171229,-0.0326516,0.1097591
0.0322027,0.117616,0.0093642,0.0124792615
0.0162523,0.127588,0.00132734,0.016414369
-0.0914669,0.142805,0.0167223,0.036393363
0.0290775,0.120474,0.00686894,0.013165097
0.0135909,0.12914,0.00336546,0.014706125
-0.0861635,0.100458,0.025719,0.04573939
-0.0653051,0.165945,-0.0269849,0.13716018
-0.0698492,0.16889,-0.0268648,0.12958977
-0.07827,0.167473,-0.032496,0.11633253
0.0215557,0.0945234,-0.0226594,0.009134704
0.0260612,0.123082,0.00873766,0.010976255
0.00920342,0.130081,0.00248247,0.01719802
-0.0709934,0.170517,-0.0295248,0.12583725
-0.0760202,0.167938,-0.0272636,0.124742456
0.0525229,0.0716654,0.0211203,0.056032997
0.0207167,0.126566,0.00922145,0.012388063
-0.0746025,0.0998033,-0.0126456,0.011868862
-0.0864333,0.0890874,0.0257055,0.023213815
0.0354941,0.113435,0.0150848,0.011228147
0.0320737,0.117698,0.0146262,0.013347049
0.00294754,0.130714,0.00292443,0.017232412
-0.0256391,0.0823957,0.0519489,0.03520354
-0.0666258,0.165416,-0.0221631,0.13849986
-0.0804177,0.153092,0.00488677,0.080903605
-0.0645623,0.0350017,0.0151892,0.1578852
-0.0627936,0.0352479,0.02012,0.15296036
-0.0642932,0.0349381,0.0264604,0.12908915
-0.0642421,0.0397497,0.0267659,0.126912
-0.0652419,0.0352202,0.0324357,0.12882216
-0.06432,0.0352261,0.0387914,0.15681154
-0.0869014,0.0944088,0.0260869,0.030451858
-0.026376,0.100403,-0.0237519,0.026843024
-0.0704394,0.0348288,0.00888692,0.17669113
-0.0696375,0.039673,0.0091864,0.13898364
-0.0678064,0.035728,0.013362,0.14805278
-0.0778433,0.0819732,0.0354617,0.023670116
-0.0809318,0.0827942,0.0325,0.02365245
-0.0712316,0.038974,0.00275642,0.15057124
-0.0616101,0.0379618,0.0219344,0.14011416
-0.0653778,0.0407054,0.0323415,0.14872554
-0.0612949,0.040108,0.0438783,0.20366965
-0.0748891,0.0826916,0.0381154,0.024461636
-0.0841641,0.133769,0.0486564,0.07741755
-0.0849106,0.0945271,0.0290479,0.031406183
-0.082994,0.144712,0.0404065,0.060974713
-0.0265479,0.117619,-0.0132781,0.02235292
-0.0679678,0.0383221,0.0123903,0.12643838
-0.0639259,0.0401146,0.0151101,0.123763666
-0.0588527,0.0407802,0.0202136,0.17821899
-0.0869621,0.135589,0.0440584,0.05147608
-0.038827,0.0398484,0.042564,0.20058057
-0.0253238,0.0773437,0.0501603,0.028247746
0.00864855,0.111878,-0.0192252,0.0078105507
-0.0625014,0.04424,0.0388616,0.17378214
-0.088493,0.125258,0.0461673,0.083572865
0.0150785,0.10107,-0.0220372,0.0069904886
-0.0810533,0.0876325,0.0334622,0.021949442
-0.0636602,0.0439221,0.0322355,0.12404799
-0.0823757,0.12585,-0.00459555,0.020978507
-0.0374554,0.042873,0.0429512,0.19070902
-0.031328,0.0432863,0.0501185,0.12174342
-0.0841802,0.0875016,0.0285815,0.021716975
-0.0690099,0.0427216,0.00298087,0.16167624
-0.0690323,0.0427133,0.00739115,0.14408778
-0.0642007,0.0449178,0.00895163,0.15127729
-0.0630005,0.0427497,0.0133004,0.12982202
-0.0580777,0.0444032,0.0143596,0.15297723
-0.087476,0.130712,0.0458544,0.062821284
-0.0837712,0.0999337,0.029339,0.059150975
-0.083719,0.0822846,0.0270932,0.023926485
-0.0209183,0.0934772,0.0512134,0.026008597
-0.0868983,0.142651,0.0383505,0.04986244
-0.0588984,0.0467651,0.00989959,0.15089379
-0.0529144,0.0464475,0.0158024,0.21590255
-0.0881654,0.0882094,0.0209192,0.021913331
-0.0494075,0.165901,0.000731671,0.1735687
-0.0586114,0.0473978,0.0337061,0.15519659
-0.05614,0.0517476,0.00835186,0.15715617
-0.0865231,0.148073,0.0321271,0.04431581
-0.0308497,0.0493297,0.0429654,0.1484396
-0.0769102,0.114994,0.0501188,0.07856937
-0.0209065,0.0959579,0.0474195,0.024964262
-0.0509947,0.0509637,0.0150799,0.1666338
0.00842415,0.0889657,-0.0320537,0.01648969
-0.0240561,0.0544386,0.0416973,0.1198839
-0.0510392,0.0524223,0.0203213,0.11979634
-0.0526208,0.0518271,0.027021,0.1447476
-0.0504022,0.0591186,0.0326891,0.15145417
-0.0478821,0.0590694,0.0363134,0.13613026
-0.0239128,0.0586553,0.0421308,0.06092227
-0.0759314,0.119228,-0.00697007,0.029262962
-0.0183181,0.0604564,0.0506182,0.043703422
-0.0298441,0.0972531,-0.0235715,0.04275024
-0.0241926,0.0628773,0.0422936,0.03357238
-0.0223998,0.06467,0.045979,0.029595196
-0.0192899,0.0641483,0.0503928,0.027280027
-0.0260109,0.172925,-0.0191453,0.09654749
-0.0265331,0.161574,-0.0144318,0.11701868
-0.0558556,0.15572,-0.00121016,0.22263297
-0.0599028,0.136466,-0.0064456,0.0978744
-0.063538,0.071665,0.0379463,0.02504763
-0.0200417,0.0869862,-0.0378876,0.0420163
-0.0557176,0.105745,-0.0186241,0.0081302505
-0.0530691,0.143914,-0.00100898,0.1429657
-0.0256688,0.0704637,0.0438935,0.021236008
-0.0235577,0.0693774,0.0470203,0.019629693
-0.0525759,0.127247,-0.00521525,0.08333115
-0.0787859,0.131858,-0.00545913,0.04655545
-0.0580212,0.120088,-0.0102747,0.040329922
-0.0396294,0.110441,-0.0186258,0.015221031
-0.0210282,0.173113,-0.0214922,0.09020627
-0.0547593,0.0563289,0.0107147,0.16233732
-0.0435534,0.0345758,-0.024752,0.1781035
-0.0449833,0.0346921,-0.0207483,0.16564448
-0.0443576,0.0390403,-0.0217491,0.16762888
-0.0462855,0.0345037,-0.0153112,0.16583614
-0.046619,0.0396457,-0.0141457,0.17425266
-0.00904923,0.0343826,-0.0246429,0.078640565
0.00311748,0.100303,-0.0227929,0.011080175
-0.0690809,0.0392217,-0.00181724,0.18022917
-0.0920289,0.131041,0.0262349,0.019329257
-0.043414,0.0372487,-0.0253064,0.14855309
0.0280974,0.0818294,-0.0220931,0.00680323
-0.067702,0.169446,-0.0560134,0.09351777
-0.0915377,0.129674,0.0312365,0.023818988
-0.0663086,0.0411162,-0.00443149,0.1564105
-0.0731255,0.151935,-0.0368879,0.12388036
-0.0390145,0.0394889,-0.027598,0.15310965
-0.0637372,0.0437827,-0.00264533,0.16745612
-0.0605427,0.0425565,0.0246975,0.13541588
-0.0857603,0.130763,-0.000714461,0.022764977
-0.0520472,0.0403573,-0.0107411,0.16819207
-0.0568522,0.0434504,0.0224413,0.14419392
-0.043239,0.0429342,-0.0193166,0.16191067
-0.0438787,0.0441322,-0.0144222,0.16294383
-0.0457505,0.046486,-0.0105694,0.12648532
-0.0645938,0.0456897,0.00313082,0.17843162
-0.0525978,0.0464843,0.0207116,0.17776209
-0.0572578,0.0459489,0.026887,0.14558282
-0.0618962,0.0443648,0.0286813,0.11805362
-0.0331467,0.0453179,-0.0267282,0.13948353
-0.0377669,0.0443547,-0.0252099,0.14422244
-0.0320922,0.114425,-0.0162304,0.020202866
-0.0578027,0.0470669,-0.0032674,0.1555915
-0.0914954,0.147994,0.0205137,0.052005023
-0.0400067,0.0471536,-0.0151042,0.14886619
0.00454895,0.121869,-0.0124797,0.014490911
0.0151282,0.112708,-0.0165496,0.009347045
-0.0525787,0.0463291,-0.00775444,0.13252282
-0.0599276,0.0475112,0.00267117,0.17221978
-0.0726458,0.147126,-0.0218625,0.14136162
-0.0740924,0.168686,-0.0440312,0.08974642
-0.057494,0.0515426,0.00319413,0.18581174
-0.0536918,0.0483048,0.0264945,0.13788873
-0.0147156,0.114453,-0.0172255,0.010035978
-0.0335191,0.0480424,-0.021246,0.14484066
0.019461,0.0924333,-0.0244344,0.009546084
0.0169402,0.0952065,-0.0238278,0.009370548
0.0201047,0.104156,-0.0188197,0.0066294544
-0.0319642,0.0516657,-0.0152509,0.13644917
-0.0368448,0.0488256,-0.0131071,0.18421203
-0.0391265,0.0518909,-0.0109467,0.12207229
-0.00892221,0.111576,-0.0202733,0.0075360946
-0.0515659,0.0515158,-0.00751393,0.10963526
-0.0557028,0.05294,-0.00268598,0.16340941
-0.0293421,0.0526398,-0.0213991,0.0826409
-0.0314453,0.0496351,-0.0193539,0.13486876
0.0322381,0.10409,-0.0128482,0.011740171
-0.0261025,0.0525801,-0.0264669,0.084876224
-0.0583031,0.116733,-0.0130038,0.02262934
-0.014851,0.111599,-0.0191484,0.00947411
-0.0521348,0.118189,-0.0137451,0.028173098
-0.0517493,0.0582798,-0.00896954,0.09466042
-0.0561982,0.0582462,-0.00310645,0.14730433
-0.0587989,0.0586119,0.00276734,0.15859143
-0.0585564,0.0578416,0.00857596,0.15050422
0.019026,0.11614,-0.0131686,0.014349407
-0.0211893,0.111662,-0.0190883,0.01114587
-0.0239176,0.0561149,-0.030057,0.0677459
-0.0272603,0.058548,-0.027478,0.053944096
-0.0295766,0.0582799,-0.0217551,0.051605195
-0.0320928,0.0589382,-0.0147618,0.052815463
0.0073938,0.121789,-0.0126555,0.0147709455
-0.0251946,0.0595227,-0.0308632,0.060527682
-0.0307167,0.06013,-0.0194181,0.04477288
-0.0650113,0.0632174,-0.00293095,0.0795808
-0.0696479,0.065751,-0.00198101,0.0345206
-0.0699926,0.0635013,0.00374106,0.07245411
-0.0799435,0.0724812,0.0191514,0.01773846
-0.0676844,0.160922,-0.0559942,0.082922064
-0.0215435,0.0636559,-0.0350431,0.04809778
-0.0258325,0.0648252,-0.0322087,0.036264073
-0.028982,0.0636438,-0.0274997,0.03370069
-0.0304226,0.0629368,-0.0224261,0.035192616
-0.0319042,0.0651819,-0.0201942,0.03341586
-0.0332741,0.0636337,-0.0160032,0.043674614
-0.0205547,0.034111,-0.026401,0.109519504
-0.0743367,0.0658286,0.00833126,0.032652747
0.016103,0.120745,-0.0103843,0.016962402
-0.0770212,0.0700544,0.00316631,0.018480564
-0.0748219,0.06693,0.00451345,0.025725322
-0.0306317,0.0657524,-0.025453,0.024087878
-0.0711433,0.0687078,-0.00390291,0.01904577
-0.0762625,0.0716316,-0.00295918,0.020356907
-0.0802204,0.0713935,0.00991267,0.016738154
-0.0913413,0.148143,0.0161458,0.05174351
-0.0273736,0.0700052,-0.0335323,0.033485614
-0.0300274,0.0692073,-0.0289677,0.02292395
-0.0316277,0.0711218,-0.0266514,0.023434725
-0.0330629,0.0699765,-0.0212743,0.03138759
-0.0353642,0.0705896,-0.0177097,0.035394587
-0.0587004,0.0391044,-0.0090027,0.13435741
-0.0697696,0.0703857,-0.00808666,0.022892443
-0.0804832,0.0726462,0.00472466,0.018369274
0.0151616,0.126104,-0.00266395,0.018768858
-0.0745721,0.072883,-0.00757069,0.024136595
-0.0823908,0.076277,0.00270117,0.018375987
-0.0912831,0.133698,0.0142161,0.015573396
0.00371049,0.0968817,-0.0280931,0.011845027
-0.0761392,0.0766258,-0.00859487,0.023830663
-0.0784749,0.0748827,-0.00523624,0.01977812
-0.0806781,0.0771902,-0.00290803,0.021010378
-0.0834622,0.0765209,0.00927112,0.017903278
0.00983826,0.11402,-0.0178612,0.00894956
0.00210649,0.0981565,-0.0261244,0.011469509
-0.0285085,0.0757575,-0.0348118,0.035556898
-0.0330874,0.0761249,-0.0270661,0.039422654
-0.0346568,0.0757906,-0.0215029,0.04733132
0.0231104,0.0892807,-0.0240236,0.009179632
-0.0312132,0.0771357,-0.0320416,0.030530073
-0.0700425,0.0763633,-0.0141464,0.025633032
-0.0861137,0.0814707,0.00908143,0.019326705
-0.086319,0.08152,0.0149936,0.01945834
-0.0208042,0.0963182,-0.0270563,0.022352798
-0.0211078,0.114391,-0.0171285,0.01597183
-0.0746162,0.0828529,-0.0139325,0.02306933
-0.077295,0.081216,-0.0100568,0.023332551
-0.0800127,0.0821605,-0.00722237,0.025134565
-0.0826334,0.0820868,-0.00324616,0.024313452
-0.0844667,0.0817669,0.00249573,0.018714407
-0.0860445,0.0832591,0.0203255,0.024232747
-0.084816,0.0816746,0.0219849,0.02272111
0.0545549,0.0661692,0.000765649,0.052554373
-0.0331604,0.0828369,-0.0270493,0.059336368
-0.0358028,0.0829047,-0.0227723,0.059537567
-0.0861942,0.0842505,0.00298565,0.020163901
-0.0287072,0.0827267,-0.0349537,0.043786947
-0.0311601,0.0822387,-0.0315627,0.043913674
-0.085403,0.141865,0.00516647,0.0287052
-0.0785169,0.0885628,-0.0107607,0.0217132
-0.0807046,0.0887676,-0.00826584,0.022189533
-0.0843972,0.0878743,-0.00349923,0.022432707
-0.0855708,0.0882073,-0.00109946,0.021844503
-0.0876157,0.0881286,0.00369184,0.020937474
-0.0885339,0.0876942,0.00897158,0.021001915
-0.0885791,0.0877213,0.0149616,0.02142345
-0.0643854,0.0348576,-0.00775085,0.16171089
-0.0512932,0.034227,-0.0129013,0.13766661
-0.0266839,0.0458556,-0.027274,0.12746914
-0.0146368,0.0981541,-0.0264318,0.014182001
-0.0213468,0.10077,-0.0239588,0.02204581
0.020932,0.0825954,-0.0267347,0.010140273
0.00759225,0.0928541,-0.0309237,0.013335696
-0.0144478,0.0879274,-0.0380297,0.035217945
-0.00859724,0.11451,-0.0173132,0.0087795025
0.0264818,0.109935,-0.0126182,0.012682223
-0.0145855,0.0385179,-0.0267991,0.09698603
-0.0330054,0.0337044,-0.0272991,0.14953354
-0.0267872,0.0340475,-0.0271901,0.15292966
-0.00849157,0.0985859,-0.0270535,0.011304727
-0.0110954,0.120824,-0.0120135,0.014526885
0.0367379,0.0925992,-0.0129888,0.013047948
-0.0571635,0.0435755,-0.00717607,0.13969831
-0.0193328,0.0979251,-0.024792,0.018651353
-0.0203798,0.0385467,-0.0283088,0.113523215
-0.0587681,0.0337133,-0.00871891,0.12262457
-0.0517919,0.100655,-0.0213258,0.008421765
0.00702627,0.0978418,-0.0246055,0.0105171045
-0.0148892,0.126068,-0.00252126,0.01721095
0.0307578,0.092446,-0.0188519,0.010485741
0.0211049,0.0578126,-0.0266116,0.01219351
-0.0169237,0.0970481,-0.0278718,0.019225117
0.0460004,0.0581866,-0.00508589,0.036654957
-0.00944331,0.0822271,-0.0381067,0.03000819
-0.0635881,0.0392124,-0.00717766,0.15141301
0.00864227,0.0386371,-0.0233053,0.06345202
0.0252935,0.0769557,-0.0248407,0.0067739054
-0.0229653,0.0895159,-0.036199,0.035584223
-0.0523791,0.0341193,-0.00994653,0.14928629
0.0211693,0.0643935,-0.0268578,0.0080861915
-0.0515867,0.13164,-0.0028092,0.095765494
-0.0149669,0.0345529,-0.0254273,0.10566005
-0.0161167,0.127288,0.00169291,0.022243587
-0.0469232,0.128515,-0.00163965,0.10601448
-0.00961381,0.127158,-0.00378809,0.015894167
-0.0074566,0.128562,-0.00130751,0.014171559
-0.00304493,0.128909,-0.00174857,0.015888728
0.0028379,0.129022,-0.00194723,0.018264584
0.00903363,0.128674,-0.00165013,0.019050522
-0.0561607,0.131588,-0.00571429,0.08922031
-0.0457551,0.127167,-0.00484962,0.0845121
-0.00304746,0.127678,-0.00456004,0.014641849
0.00303811,0.12768,-0.00442,0.017393371
0.0101526,0.126812,-0.00466464,0.019473162
-0.0553259,0.126836,-0.00601308,0.069213375
0.00799473,0.034846,-0.0206913,0.0598771
0.0027179,0.0342191,-0.0204737,0.06387001
-0.00295804,0.0342418,-0.0216222,0.06871897
0.0134674,0.0353221,-0.0196961,0.05149572
0.00440963,0.0383063,-0.0240776,0.057289485
0.00140752,0.0383474,-0.0246147,0.06491411
-0.00309177,0.0383877,-0.0251866,0.073724985
-0.0575023,0.100661,-0.0195211,0.008101542
-0.0485739,0.15316,-0.00547278,0.21485709
-0.0646573,0.0334831,-0.00296009,0.17537762
-0.0640796,0.100426,-0.0173936,0.009702032
-0.0704415,0.100139,-0.0146037,0.010760682
-0.0326376,0.155806,-0.00949884,0.15431355
0.0336094,0.0373624,0.00273412,0.034089454
0.0320943,0.0397885,-0.00195136,0.036167238
0.0158502,0.0449602,-0.0237212,0.038557995
0.00889467,0.0426449,-0.0242659,0.051934298
0.00312499,0.0452721,-0.026588,0.041462883
-0.00298345,0.044686,-0.0272222,0.048078496
-0.00912346,0.0448524,-0.0280671,0.05824841
-0.0145351,0.0443266,-0.0277771,0.08703076
-0.0209223,0.0460913,-0.0281918,0.10227353
0.034052,0.0448434,-0.00540113,0.037240703
-0.0312646,0.158257,-0.01223,0.13968936
0.0401509,0.0448981,-0.00354586,0.03127136
0.0143253,0.0473484,-0.0251513,0.035760578
0.00937888,0.0466526,-0.0261685,0.035360824
-0.0766531,0.0695423,0.0207982,0.01894555
0.0087246,0.0517916,-0.0291615,0.021138603
0.00299372,0.0506927,-0.0298557,0.019529693
-0.00164566,0.0489436,-0.0304144,0.024369936
-0.00321397,0.0522596,-0.0314075,0.01760897
-0.00915341,0.0509217,-0.0318681,0.02899445
-0.0146018,0.0513752,-0.0319045,0.042249095
-0.0161558,0.0488543,-0.0303763,0.053659372
-0.0205843,0.0508011,-0.0296435,0.0755702
0.0405252,0.0518855,-0.00654453,0.033131078
0.0149309,0.0520772,-0.0273859,0.017451283
0.041884,0.0490868,-0.00604367,0.034444273
0.019962,0.0529908,-0.0261219,0.014279086
-0.0198501,0.0534234,-0.0312267,0.059959017
-0.0336273,0.0527187,-0.0106243,0.14839774
-0.0461112,0.0529158,-0.0101664,0.073074155
-0.0204,0.161875,-0.014658,0.0930249
0.0449924,0.0530898,-0.00614891,0.031386655
0.00733679,0.0546532,-0.0305038,0.006640405
0.00283568,0.0546532,-0.0307468,0.0053432304
-0.00302245,0.0577,-0.0331477,0.006467971
-0.00914668,0.0576676,-0.0341165,0.01677864
-0.01517,0.058199,-0.0349877,0.039880313
-0.0202707,0.0581031,-0.0333681,0.056098744
0.0140844,0.057965,-0.028983,0.00903905
0.0103301,0.0588553,-0.0299472,0.0072837733
0.00732823,0.0588898,-0.0306117,0.0054065473
0.0027369,0.0590151,-0.0321928,0.004923836
-0.0337187,0.0579742,-0.0115824,0.073816076
-0.0390711,0.0582467,-0.0115033,0.06206562
-0.0460474,0.0579124,-0.0115174,0.05766959
-0.00961439,0.0642168,-0.0358564,0.01497156
-0.044157,0.0599825,-0.0123877,0.054355133
0.015251,0.0645803,-0.029567,0.0064884434
0.00839294,0.0649214,-0.0316957,0.00497963
0.00325858,0.0643529,-0.0332439,0.0051462185
-0.00361257,0.0645861,-0.034907,0.008534227
-0.0144709,0.065006,-0.0371603,0.026553623
-0.0366623,0.060679,-0.0122791,0.047753885
-0.0526404,0.0636402,-0.0101297,0.05223027
-0.0381866,0.0648919,-0.0142073,0.041989777
-0.0452495,0.0647856,-0.0139819,0.037291877
-0.0599262,0.0622966,-0.00429285,0.08898425
-0.0778641,0.117463,-0.00576778,0.026456436
-0.0187447,0.0664151,-0.0374779,0.0409376
-0.0577616,0.0644884,-0.00779097,0.05301696
-0.0625778,0.0655353,-0.00741131,0.047992926
0.0251088,0.0710945,-0.0248604,0.0067206686
0.021457,0.0702729,-0.0273415,0.0062287515
0.0166747,0.0701586,-0.0297203,0.0054473453
0.0132745,0.0702643,-0.0312074,0.0055171074
0.00867525,0.0703509,-0.0324278,0.0044777235
0.00229643,0.0708694,-0.0343123,0.004292593
-0.0030646,0.070381,-0.0353565,0.00490139
-0.00773679,0.0691749,-0.0362051,0.00909594
-0.0101988,0.0715122,-0.0373778,0.017107202
-0.0147454,0.0704429,-0.0382943,0.025925882
-0.0203984,0.0706516,-0.038158,0.044016838
-0.0240967,0.0693418,-0.0362521,0.04249419
-0.0605175,0.0673597,-0.0108259,0.033822253
-0.0387293,0.0706355,-0.0168457,0.041084398
-0.0451347,0.0705064,-0.0164504,0.025683075
-0.0523435,0.0697862,-0.0145984,0.018550169
-0.0591515,0.0702891,-0.0147203,0.020260988
-0.0652515,0.0688492,-0.00993982,0.021586388
-0.0247614,0.0719777,-0.0368317,0.044165988
-0.0637884,0.0712697,-0.0138535,0.021687781
0.0211454,0.0769268,-0.0268772,0.006734008
0.0162128,0.0765268,-0.0293784,0.00578693
0.0133247,0.0760196,-0.0306715,0.008399767
0.00907695,0.076038,-0.0330382,0.0069653224
0.00245085,0.0760857,-0.0351615,0.007023546
-0.00176321,0.0762288,-0.0360688,0.009052014
-0.00476487,0.076286,-0.0369742,0.010321003
-0.00962992,0.0765936,-0.0378651,0.020719785
-0.0144481,0.0764118,-0.0385775,0.03531582
-0.021453,0.0763574,-0.038668,0.046357542
-0.024977,0.0762484,-0.0374518,0.046882216
-0.0377453,0.0766164,-0.0189124,0.055527136
-0.0397395,0.0746623,-0.0180255,0.04665199
-0.0437423,0.0765905,-0.0187922,0.0364596
-0.0466377,0.0744845,-0.0173668,0.02611123
-0.0518623,0.0745812,-0.0175084,0.015002309
-0.0589866,0.0745368,-0.01766,0.017200818
-0.0644081,0.0756279,-0.0167529,0.022412023
-0.0721295,0.0740256,-0.0105719,0.02474153
-0.0615233,0.0354132,0.043881,0.22695583
-0.0524971,0.0769872,-0.0189536,0.014019214
-0.0587482,0.0767445,-0.0187462,0.015803436
0.013102,0.0809953,-0.0307917,0.010890821
0.00892296,0.0820652,-0.0325478,0.013327352
0.0022917,0.0820297,-0.0349279,0.019321693
-0.00177837,0.0804805,-0.0364471,0.016085632
-0.00379684,0.0824193,-0.037328,0.021473937
-0.0142988,0.0820384,-0.0390211,0.04225596
-0.0207708,0.0823862,-0.0387335,0.048047528
-0.0248089,0.0818968,-0.0377031,0.048242986
-0.0735819,0.0777026,-0.0122023,0.025431989
0.015425,0.0831288,-0.0295207,0.011718469
-0.0383994,0.0817919,-0.0209596,0.06110441
-0.0451184,0.0815526,-0.020434,0.03994891
-0.051814,0.0818472,-0.0211348,0.023867056
-0.0583689,0.0812724,-0.0202975,0.014477084
-0.063949,0.082768,-0.0188935,0.020680355
-0.0662709,0.080065,-0.0177832,0.022297513
-0.0695594,0.0830593,-0.0170582,0.024101438
-0.00481814,0.086841,-0.0367951,0.025992313
-0.0248206,0.0867524,-0.0367639,0.0411429
0.0132046,0.0871602,-0.0305473,0.013411908
-0.0360837,0.0867076,-0.023791,0.057928506
-0.00877843,0.0340556,-0.0204927,0.07620346
-0.0207128,0.0342382,-0.0208728,0.12947822
-0.0147915,0.0341096,-0.0207616,0.08982808
-0.0265767,0.0342963,-0.0210989,0.1477951
0.00282685,0.0351053,-0.0158136,0.052696653
0.00885967,0.034471,-0.0147487,0.04626079
-0.0390848,0.0337228,-0.0202617,0.17979105
-0.0326656,0.0345334,-0.0201874,0.18218917
-0.00224535,0.0351539,-0.0166234,0.051796265
-0.0149096,0.0357313,-0.0180956,0.08669034
-0.0114808,0.0353662,-0.0177045,0.072312154
-0.00921575,0.0380183,-0.0149732,0.05638682
-0.00282494,0.0382292,-0.0140636,0.048651278
0.00285919,0.0377324,-0.0134715,0.04998534
0.0159109,0.0347098,-0.00882204,0.043041915
-0.0306839,0.036693,-0.0184598,0.1746715
-0.0265216,0.0367471,-0.0188177,0.15897176
-0.0218341,0.0369718,-0.0184303,0.120343484
-0.0203027,0.0382765,-0.0152577,0.11112308
-0.0152596,0.0382328,-0.0156428,0.094071
0.00738356,0.0366172,-0.0125003,0.043591116
0.00992361,0.0351979,-0.00924624,0.040970817
0.00702596,0.0378387,-0.00879015,0.04159927
-0.0396958,0.0342843,-0.014578,0.16362923
-0.0329517,0.0382154,-0.014678,0.16066796
-0.0263862,0.0385778,-0.0153644,0.1414831
0.00320835,0.0389424,-0.00953857,0.036070973
-0.0364387,0.0357946,-0.0155844,0.18111442
-0.00301526,0.0391061,-0.00886496,0.025873132
0.00831664,0.0348156,-0.00321961,0.024776105
0.0145039,0.0343685,-0.0028433,0.033649888
-0.0365752,0.0370276,-0.0136534,0.17750391
-0.0146234,0.0388055,-0.00887465,0.02116645
-0.00886749,0.0389394,-0.00890173,0.021698495
-0.0451032,0.0336721,-0.00848668,0.11308823
-0.040313,0.0350801,-0.00861758,0.15884168
-0.0206235,0.0386,-0.00878063,0.08107786
0.00267879,0.038424,-0.00319748,0.014356267
0.015044,0.0350517,0.00289039,0.021932803
0.0201479,0.0347806,0.00348327,0.024930619
0.027119,0.0353514,0.00366834,0.027963936
0.0280785,0.0365531,0.000826759,0.033348333
-0.0376066,0.0375692,-0.00942418,0.15833046
-0.0332748,0.0384549,-0.00855692,0.14076392
-0.0264541,0.0384497,-0.00886193,0.11319384
-0.00299262,0.0389582,-0.00292437,0.009203187
0.00451408,0.0356078,-0.00103635,0.014735451
0.00881079,0.0350428,0.00356828,0.011525415
0.0314184,0.0360255,0.00457907,0.027760416
-0.00888202,0.0387884,-0.00299409,0.008472323
0.00271787,0.0349091,0.00339755,0.0074357977
-0.041199,0.0341471,-0.00327644,0.11346686
-0.0205479,0.0384259,-0.00283766,0.04987946
-0.0146618,0.0385908,-0.00288739,0.009345797
0.00103528,0.0375917,0.000952222,0.008314597
0.0215747,0.0354906,0.0086194,0.015751109
0.0264794,0.0346514,0.00870654,0.016779093
0.0322391,0.0355412,0.00882378,0.03068642
-0.0521057,0.0334794,-0.00318207,0.1351445
-0.0455078,0.0336572,-0.00225818,0.11893364
-0.0334104,0.0383259,-0.00292317,0.1237174
-0.0265122,0.0383343,-0.00296504,0.07809215
-0.00224847,0.0383354,0.00320971,0.0053461464
-0.0589386,0.0334143,-0.00291301,0.14179786
-0.00874044,0.0385976,0.00291227,0.005831606
0.00273457,0.0342734,0.0088248,0.0055933995
0.00621941,0.0351341,0.00654928,0.007872113
-0.080018,0.109279,0.0373655,0.10634427
-0.0393178,0.0336443,0.00354096,0.053582244
-0.0213111,0.0382973,0.00334866,0.01866468
-0.0146196,0.0384265,0.00290922,0.008079652
-0.00353554,0.0379644,0.00874752,0.0050930157
0.0276681,0.0349662,0.0149532,0.01860229
0.03282,0.0359255,0.0147037,0.031038933
0.0389763,0.0383079,0.0145025,0.034739345
-0.0523961,0.0335249,0.00326874,0.11450897
-0.0462346,0.0335696,0.00267776,0.123903975
-0.0277984,0.0382296,0.00286126,0.05710811
-0.000947006,0.0357374,0.0103469,0.005060008
0.0222276,0.0358262,0.0160256,0.01607444
0.0448051,0.0411192,0.0150961,0.029293224
-0.0581064,0.033504,0.00272997,0.15500036
-0.0352323,0.0337248,0.00491425,0.037903678
-0.0312985,0.0381858,0.00167702,0.06032719
-0.0088641,0.03847,0.00876261,0.0060611037
0.0028919,0.0342894,0.0147059,0.0050362768
-0.0703332,0.0340583,0.00286723,0.2058969
-0.0648245,0.0334924,0.00301734,0.16252153
-0.0387963,0.034763,0.00935652,0.0632728
-0.0332327,0.0337932,0.00943608,0.028243374
-0.0203456,0.0382265,0.00836296,0.0074485773
-0.0152156,0.0383161,0.00935801,0.008373005
-0.000385714,0.0351459,0.0134171,0.0050351205
0.00663645,0.0342324,0.0159688,0.0057451995
0.0268074,0.0356469,0.0204126,0.024316516
0.0309391,0.0362152,0.0189937,0.021520264
0.0334119,0.0376179,0.0210082,0.028490357
-0.0515734,0.0338904,0.00817232,0.13965139
-0.0454999,0.0352808,0.00804865,0.108785704
-0.0263229,0.0380313,0.00871732,0.016010622
-0.0031858,0.0377098,0.014513,0.0055011753
0.0211051,0.0351552,0.0207004,0.021412833
0.0391983,0.0395969,0.0205879,0.027982576
0.0441778,0.0418755,0.0204802,0.03527987
-0.0580282,0.0335624,0.00918162,0.15813565
-0.00922404,0.0383488,0.0150261,0.007349425
0.00313746,0.0352426,0.0204176,0.005709847
0.00877508,0.0346179,0.020856,0.0074449372
0.0468489,0.0434226,0.0210936,0.046148986
-0.0648031,0.0337402,0.00884817,0.16147497
-0.0338156,0.0345063,0.0150293,0.04108163
-0.0149173,0.0382498,0.0147214,0.00849655
0.0146344,0.0345628,0.0222588,0.02516942
-0.0365655,0.0357926,0.0130139,0.05945371
-0.0262153,0.0376693,0.0148666,0.005707125
-0.0205165,0.0381248,0.0146779,0.008029297
-0.00229335,0.0382456,0.020565,0.005274161
0.014723,0.0347707,0.0263935,0.02807571
0.0210245,0.0353476,0.0265418,0.044434667
0.0250756,0.0364517,0.0246847,0.03510911
0.0273584,0.0381522,0.0267127,0.037725925
0.0321164,0.0401984,0.026762,0.039085984
-0.053829,0.0335431,0.0139547,0.13845119
0.00114114,0.037661,0.0223414,0.006358014
0.00915473,0.0353589,0.0262457,0.025868578
0.0380552,0.0412819,0.02589,0.032596316
-0.0588034,0.0336951,0.0146283,0.17240411
-0.0339319,0.0346253,0.0202274,0.055250075
-0.0152545,0.0382629,0.0204704,0.008886304
-0.00888844,0.0384087,0.0207206,0.005893104
0.00307272,0.0384964,0.0264151,0.020800961
-0.0261643,0.0378491,0.0205422,0.030691752
-0.0205429,0.0381473,0.0213758,0.029177485
-0.0538188,0.0335608,0.0210581,0.1462432
-0.00301594,0.03875,0.0263901,0.016168827
0.00756209,0.0380712,0.0285007,0.029170478
0.0143741,0.0348327,0.0331833,0.055556566
0.0198279,0.03555,0.0321213,0.05002289
0.0236875,0.0373106,0.0299772,0.046259426
-0.0588476,0.033906,0.020465,0.160993
-0.00882687,0.0386047,0.0265705,0.016178975
0.00847025,0.0383344,0.0315598,0.05136796
0.0108958,0.035647,0.0330663,0.05454514
-0.0366651,0.0353042,0.023032,0.071624614
-0.0340084,0.0344659,0.0266224,0.068679936
-0.0270447,0.0379104,0.0270529,0.09135753
-0.0210471,0.0383013,0.026282,0.06515625
-0.0147317,0.0384888,0.0265233,0.042148087
-0.0712786,0.0733348,0.0355839,0.02427147
-0.0388887,0.0346255,0.0265538,0.10227226
0.00290004,0.0393205,0.032168,0.036973376
0.0155389,0.0350901,0.0393977,0.061806772
0.0195159,0.0358111,0.0367948,0.056635153
-0.0589139,0.0341314,0.0264586,0.14851092
-0.052234,0.0340737,0.0268887,0.13816966
-0.0447866,0.0339274,0.0274346,0.111012325
-0.0310127,0.0369382,0.02848,0.07336788
-0.00908756,0.0390146,0.0330901,0.051041335
-0.00293287,0.039209,0.03365,0.04254712
0.00861952,0.0346654,0.0391536,0.06474383
-0.0149144,0.0388312,0.0324344,0.07903219
0.00392423,0.0347398,0.0399064,0.061736725
-0.0657827,0.0618455,0.00187562,0.10238955
-0.0640051,0.0606097,0.00361345,0.121969
-0.0455164,0.0345095,0.0326748,0.14849782
-0.0385699,0.0344168,0.033204,0.13205524
-0.0342024,0.0351611,0.0325685,0.095960654
-0.0270303,0.0384799,0.0326469,0.1367382
-0.0209433,0.0387397,0.0332273,0.10537887
-0.0520994,0.0344582,0.0326775,0.16309161
-0.0313489,0.0377268,0.0321213,0.13312334
-0.00219023,0.0348305,0.0410082,0.07529898
0.00818206,0.0355366,0.0443043,0.069283634
0.014947,0.0361331,0.0431407,0.06100627
-0.0642564,0.0597236,0.0092932,0.12873809
-0.0584732,0.0343588,0.0331559,0.16791512
-0.0145859,0.0393004,0.0380317,0.11699188
-0.00937548,0.0394517,0.037871,0.093467005
-0.0588297,0.0579582,0.0145443,0.12166747
-0.038732,0.0346956,0.0400227,0.15292338
-0.0331487,0.034492,0.0390527,0.13765544
-0.0201914,0.0391628,0.0381696,0.13587594
-0.00878985,0.0348233,0.0452949,0.09341866
-0.0031441,0.0351515,0.045825,0.086728044
-0.0701619,0.0622789,0.00863964,0.07889886
-0.0451191,0.034688,0.0396457,0.15714078
-0.0256628,0.0389081,0.0373249,0.15199573
-0.0146115,0.0348173,0.0458198,0.12744744
-0.0636462,0.0593677,0.014889,0.1051006
-0.0531671,0.0345191,0.0391729,0.17550227
-0.0595372,0.034497,0.0397515,0.17593184
-0.0329555,0.0349777,0.045552,0.1420648
-0.0262436,0.034809,0.0452831,0.14442107
-0.0215554,0.0348112,0.0459347,0.14754376
-0.0633407,0.0601272,0.0190813,0.09093074
-0.0471,0.0351015,0.0434178,0.15825175
-0.0120723,0.0353434,0.0494553,0.11103619
-0.016313,0.0351836,0.0504037,0.13686603
-0.0483699,0.146034,-0.00115148,0.1969086
-0.0264335,0.156562,-0.00835956,0.1204365
-0.065003,0.144791,-0.0142909,0.24185508
-0.066228,0.151547,-0.0394609,0.110254936
-0.0663323,0.145309,-0.018858,0.16549318
-0.0412403,0.152108,-0.00674014,0.15135713
