//X,Y,Z,Normal change rate (0.011267)
-0.03691220,0.12751199,0.00276757,0.004586
-0.04577070,0.13032700,0.00306785,0.047397
-0.07088470,0.14983401,0.03886720,0.022918
-0.00331557,0.13040300,0.02122080,0.002876
-0.02119790,0.12720001,0.00915278,0.001184
-0.02652550,0.12592000,0.00874866,0.007746
0.03392610,0.11203800,0.02696720,0.005715
0.03764850,0.11045500,0.01454810,0.001688
-0.02593680,0.11111800,0.03791150,0.003089
0.02795200,0.12093900,0.02153770,0.005804
-0.06283080,0.15598699,-0.01501050,0.035033
0.03900290,0.10671100,0.02152020,0.002586
0.04479760,0.09504770,0.00866471,0.002561
-0.03306360,0.17361900,-0.00312670,0.152271
-0.08080690,0.13624300,0.04950140,0.022762
-0.07050860,0.12445000,0.05266850,0.027703
0.00874873,0.13122500,0.01453450,0.002980
0.04010150,0.10671100,0.00874166,0.001869
0.03794830,0.10014500,-0.00827134,0.004266
-0.09065380,0.13720100,0.02073050,0.010136
-0.08416550,0.11066700,0.02752730,0.052417
-0.07052140,0.15621400,0.01445360,0.000732
-0.08387200,0.15211999,0.02826520,0.018046
0.00305028,0.12432000,0.03324250,0.005132
0.00870828,0.12416500,0.03303480,0.004943
-0.03288960,0.12613000,0.00300653,0.004708
-0.05063020,0.14306501,0.01506110,0.020931
-0.07578630,0.13637000,0.05017200,0.025157
-0.00271910,0.12896200,0.02646780,0.004206
-0.04609610,0.12511800,0.02631420,0.047577
-0.07851040,0.09427280,-0.01091920,0.005904
0.02169150,0.12537301,0.02114520,0.003486
-0.08884690,0.12430500,0.00237041,0.009173
0.04038600,0.10082500,-0.00303043,0.003480
-0.08841450,0.11779100,0.00268555,0.009548
-0.03190740,0.17742100,-0.00491879,0.131401
-0.07658250,0.14322400,0.04551480,0.015034
-0.02097480,0.11254400,0.03886130,0.004604
-0.02083600,0.17942500,-0.02216220,0.115648
-0.03770390,0.16798700,-0.01303910,0.186683
-0.03317650,0.12681000,0.00839958,0.001614
0.00893926,0.12711400,0.02929160,0.009446
-0.04494400,0.13108300,0.01479630,0.022867
-0.02660410,0.12515000,0.00282384,0.013269
0.01442850,0.12328000,0.03191850,0.009032
0.01924400,0.12228400,0.03083140,0.009246
-0.03902250,0.16731700,0.00215527,0.060931
-0.08808000,0.12997600,0.00206377,0.005855
-0.05372030,0.14260800,0.02660580,0.014281
0.04309500,0.09800720,0.01916170,0.002781
0.04321380,0.10011700,0.00866473,0.001624
0.04154480,0.09449540,0.02756950,0.002300
-0.05787260,0.15533701,0.01492450,0.063779
-0.02315770,0.15737499,-0.00463040,0.108032
-0.06831230,0.14573500,0.04205680,0.034706
-0.07083510,0.14284700,0.04512480,0.024040
-0.07066400,0.06428940,0.02097890,0.003671
-0.07615190,0.13058101,0.05253240,0.023766
-0.06400360,0.16178399,-0.02081180,0.014933
-0.07064610,0.15571100,0.00252406,0.064259
-0.09243660,0.11843400,0.03998380,0.027301
-0.06353490,0.15605199,0.01488140,0.006451
0.02826750,0.11819200,0.02743820,0.009123
0.03927360,0.09388570,-0.00915453,0.004070
-0.06959730,0.16484401,-0.01748460,0.092315
-0.00892354,0.12390400,0.03303190,0.003972
0.02690990,0.09424760,0.04449110,0.003395
-0.01462580,0.16237700,-0.01443980,0.079391
-0.04509830,0.16707200,0.00289327,0.112849
-0.07615360,0.17274199,-0.03843910,0.143467
-0.08582740,0.10545800,0.00472318,0.014771
0.03704310,0.11044300,0.02072290,0.003284
0.03215930,0.09940270,0.03806570,0.003022
-0.07528700,0.14643300,0.04285820,0.008926
-0.03951450,0.17110699,0.00053175,0.129037
-0.08395860,0.11215000,0.00148754,0.027284
0.04468480,0.08833780,0.02162850,0.003529
0.01617830,0.12781900,0.02205350,0.006099
-0.00251635,0.03972320,0.04740870,0.040818
0.00303163,0.04069680,0.04604220,0.034367
-0.01430590,0.12819700,0.00333856,0.001718
-0.05261170,0.15559600,0.01099720,0.096946
-0.03320430,0.17776000,-0.00906223,0.124048
0.03943910,0.10665400,0.00306577,0.002309
-0.09237990,0.12490000,0.03276410,0.005910
0.04546810,0.08829590,0.01466420,0.001080
-0.02744950,0.17980200,-0.00925837,0.123851
-0.07250400,0.14629699,0.04296820,0.039676
-0.05799590,0.12979300,0.03831180,0.003275
0.04311700,0.09236890,0.02516490,0.003413
-0.00865718,0.13032299,0.01497210,0.001297
-0.01413040,0.12918800,0.01474310,0.002188
-0.07078770,0.15583000,0.00921954,0.007224
-0.00952731,0.12704100,0.02814750,0.005292
-0.06462890,0.15340400,0.03291460,0.021526
-0.07069390,0.15346999,0.03285960,0.004752
0.02081260,0.11843400,0.03363930,0.006270
-0.03965660,0.17300799,-0.00299705,0.136011
-0.04421760,0.17081501,-0.00391429,0.181151
-0.05825650,0.03951490,0.04577960,0.114791
-0.05230330,0.04015010,0.04623000,0.081977
-0.07602110,0.16127400,-0.01458910,0.106033
-0.06939830,0.16301601,-0.01402930,0.078387
0.03996630,0.10649100,0.01495200,0.001445
0.04153600,0.09500840,-0.00475737,0.004621
-0.04700790,0.16377901,0.00528295,0.086809
-0.04025460,0.16167800,0.00298655,0.053105
-0.03865690,0.03898050,0.04411530,0.144707
-0.07041750,0.16699100,-0.02169760,0.074773
-0.02542010,0.08866220,0.05038270,0.017809
-0.08863340,0.13742900,0.00876953,0.006945
-0.01417900,0.12627000,0.02664170,0.003191
-0.03600170,0.17408000,-0.01189590,0.137445
-0.08862510,0.09378340,0.00823534,0.003876
-0.06486720,0.15587400,-0.00891497,0.049611
-0.07045080,0.13775200,-0.00774011,0.074907
-0.07501540,0.16624700,-0.02195580,0.078621
0.02994650,0.11486900,0.03002390,0.008811
0.03981380,0.09987880,0.02731010,0.003029
-0.01524200,0.11169800,0.04074240,0.002854
-0.07003870,0.11821900,0.05243790,0.038935
0.01499730,0.11239900,0.03860820,0.004627
-0.03648700,0.17122500,0.00054504,0.089006
-0.06416640,0.11855100,-0.00968333,0.020609
-0.07181700,0.16697900,-0.04638220,0.183205
-0.09135590,0.14534000,0.02469370,0.029813
0.00903703,0.11256900,0.03965710,0.006309
0.03246740,0.09973960,-0.01416030,0.003295
0.04179110,0.10184500,0.00188609,0.003283
0.00302992,0.11251700,0.04154340,0.004099
-0.06503680,0.14848500,0.03825610,0.039327
-0.07065190,0.13063000,0.05024970,0.015600
-0.01444710,0.12893499,0.00903509,0.001720
0.00292575,0.13154100,0.00912318,0.001647
-0.06256820,0.15112500,0.03587500,0.046189
0.03498290,0.11332800,0.02144870,0.003775
0.02132700,0.03856640,0.03929920,0.038961
0.01451250,0.09377100,0.05015710,0.009453
-0.00923752,0.11284900,0.04139070,0.003622
0.04153290,0.10090600,0.02102770,0.002476
0.04228590,0.10148600,0.01466140,0.001681
-0.07737830,0.11283900,-0.00448759,0.019980
-0.07803500,0.13764100,-0.00517379,0.017430
0.00873437,0.10634700,-0.02021930,0.005196
0.00903240,0.13034999,0.02115690,0.004336
0.00301322,0.13090201,0.02067410,0.004455
-0.00286342,0.13115001,0.01473670,0.000826
-0.03915780,0.12569000,0.02079960,0.025718
-0.02057250,0.12352300,0.02655790,0.002501
-0.06441940,0.15563400,0.00928477,0.009536
-0.04633850,0.13141100,0.02076710,0.018878
-0.05320340,0.04390670,0.04465800,0.080627
-0.00297651,0.13104600,0.00884967,0.001639
-0.08966400,0.13775501,0.02639250,0.006747
-0.00888731,0.12427300,-0.00880284,0.003775
-0.04609710,0.03851070,0.04468910,0.075475
-0.06492550,0.17887400,-0.05793250,0.125411
-0.03293470,0.12460100,0.02112350,0.004214
-0.08313010,0.14990100,0.03341230,0.009420
-0.08956520,0.09394800,0.01493030,0.003687
-0.03289010,0.12451800,-0.00282055,0.005262
-0.08452710,0.10616100,0.00204328,0.012569
-0.04693410,0.15581600,0.00872921,0.065846
0.02062020,0.12394300,0.02672750,0.006643
-0.02625600,0.11749900,0.03216720,0.007529
-0.02139200,0.11863200,0.03364450,0.004480
-0.01950690,0.11613200,0.03685250,0.003589
-0.07616180,0.11838200,0.05209230,0.027859
0.00889281,0.03957650,0.04517270,0.029743
-0.05347360,0.15954800,0.00753828,0.110576
-0.04694640,0.16122600,0.00680216,0.090261
-0.05748860,0.15486200,0.02047480,0.021267
0.03171990,0.11763500,0.02020070,0.003370
0.03786830,0.10551400,-0.00259159,0.002085
-0.08118470,0.13769300,-0.00253994,0.009322
-0.07643480,0.12451500,0.05283450,0.025827
0.03438160,0.10610400,-0.00900254,0.006404
0.04579220,0.08831600,0.00867097,0.001408
-0.07032880,0.09441950,-0.01591430,0.002329
-0.07560480,0.09379470,-0.01355360,0.006295
-0.05865700,0.15636900,0.00932560,0.115343
-0.06373350,0.15384801,0.00222718,0.119150
-0.07772780,0.09600240,0.03634370,0.002740
-0.08685190,0.13655600,0.00309926,0.002652
-0.04552990,0.04324040,0.04321620,0.044731
-0.04020110,0.04574900,0.04080510,0.051029
-0.06541230,0.16040300,-0.01490660,0.063453
-0.03188980,0.03871740,0.05100040,0.082253
-0.02679970,0.04539770,0.05093110,0.034075
-0.02710430,0.03969720,0.05353790,0.101055
-0.02155750,0.04608680,0.05172090,0.038346
-0.01430780,0.04452950,0.05043680,0.061913
-0.00981594,0.04326400,0.04931620,0.041971
-0.00348436,0.04405400,0.04720860,0.028830
0.00957700,0.04581390,0.04658770,0.012517
0.02048000,0.11108600,0.03795690,0.002579
-0.01418310,0.12854700,0.02000070,0.004283
-0.05267020,0.14410800,0.02103470,0.005708
-0.06348380,0.17384000,-0.05271310,0.107747
-0.03665530,0.17199899,-0.01257450,0.168769
-0.05255480,0.13122800,0.03282770,0.004440
-0.06595670,0.13202301,0.04429250,0.004375
-0.09217260,0.11832000,0.02676060,0.030673
0.04527920,0.08827370,0.00268175,0.003170
-0.00305651,0.11288900,0.04177890,0.006121
-0.04519550,0.16139600,-0.00871567,0.034753
-0.04029140,0.16093300,-0.01153680,0.019616
-0.05214140,0.07011650,0.03895840,0.013292
-0.03833150,0.09360400,-0.02325810,0.021850
-0.06905560,0.13737400,0.04635200,0.019093
-0.06959960,0.16740100,-0.05162990,0.145212
-0.00246047,0.12410200,0.03376090,0.003793
-0.03986240,0.12820400,0.00299348,0.016116
-0.07533310,0.14903200,0.03956250,0.010333
-0.07014320,0.16061801,-0.00917801,0.092209
-0.05893780,0.04404250,0.04342220,0.087120
-0.02071640,0.12644500,0.00312493,0.001990
-0.00850666,0.04672860,0.04810520,0.045838
0.00300323,0.04503080,0.04699110,0.012750
-0.08021740,0.14866500,0.03794380,0.008254
-0.08199610,0.13069800,0.05134370,0.019296
0.00273088,0.10633300,-0.02099270,0.006843
-0.07572730,0.08856870,-0.01383990,0.009196
-0.06984770,0.08828750,-0.01678230,0.003782
-0.06685080,0.15924300,-0.01021610,0.070644
-0.02269880,0.08857730,0.05363090,0.022038
-0.00281419,0.09900770,0.05056140,0.007991
0.04529020,0.06962130,0.02539740,0.063584
-0.05256290,0.04728230,0.04048200,0.025451
-0.04695900,0.04665810,0.04081270,0.032913
-0.06913480,0.15668200,-0.00276369,0.135730
-0.08975990,0.15007301,0.02207440,0.031027
-0.07028830,0.15563700,0.02636540,0.002045
-0.07650310,0.15489300,0.02660050,0.003621
-0.00804843,0.09873790,0.05059980,0.012374
0.03007910,0.11567000,-0.00430465,0.007096
-0.09230540,0.11775700,0.03344410,0.017505
-0.03311920,0.04495110,0.04624740,0.032188
-0.03377940,0.11330800,0.03461200,0.004986
-0.05212910,0.11376900,0.03495660,0.042052
0.04376360,0.08253820,-0.00279740,0.002089
-0.02028190,0.12601601,0.02105070,0.003049
0.03278720,0.04392500,0.02959040,0.022304
-0.04533720,0.15526600,-0.00755250,0.027967
-0.02846090,0.17398700,-0.01759580,0.177144
0.02684480,0.08817550,-0.02230770,0.002787
-0.03082310,0.09230230,-0.02463770,0.045679
-0.08997320,0.14997500,0.01411150,0.040939
0.03818040,0.10512100,0.02669470,0.003089
0.00842001,0.12907000,0.02581540,0.005533
-0.02665490,0.09429990,-0.02655550,0.036560
-0.02798960,0.04758150,0.04855320,0.014386
-0.01500370,0.04807300,0.04832030,0.061791
-0.00298993,0.04738170,0.04911020,0.026818
0.00376754,0.04775510,0.05020370,0.011183
0.00748504,0.04738510,0.04933630,0.016160
-0.05816510,0.14975099,0.03285800,0.050070
-0.07206880,0.13645600,0.04906620,0.039655
-0.08106380,0.09395410,-0.00826170,0.003148
0.03808630,0.04586460,0.03074230,0.010820
-0.02532340,0.18299800,-0.01081680,0.110587
-0.02305080,0.18323500,-0.01101570,0.140229
0.00323317,0.12914599,0.02638550,0.004687
-0.06261250,0.14978801,-0.00343342,0.120644
-0.05914710,0.04669980,0.03958430,0.021391
-0.03538620,0.04712920,0.04142410,0.046266
-0.01949480,0.04864040,0.04855650,0.044043
-0.00849455,0.05216330,0.05176880,0.023425
-0.00296485,0.05142900,0.05278270,0.008928
0.00279019,0.05176640,0.05283520,0.009403
0.00904034,0.05171650,0.05122200,0.008855
0.04438390,0.09430420,0.00268377,0.003136
-0.08861450,0.11111300,0.01484150,0.042045
-0.08852190,0.14402699,0.03292210,0.024737
0.04407190,0.09377870,0.02061650,0.003640
0.04365310,0.09803410,0.01465960,0.003240
-0.06509760,0.15379900,-0.00285808,0.163040
-0.05172970,0.04907590,0.03713550,0.109499
-0.03312220,0.05182590,0.03853770,0.037940
-0.03773520,0.12744799,0.01523580,0.020232
-0.00906608,0.10070100,0.04601220,0.023480
-0.04106830,0.12841600,0.01340540,0.032565
-0.07120560,0.15872400,-0.00521868,0.109765
-0.02663130,0.05015440,0.04469500,0.029437
-0.02110650,0.05199460,0.04557530,0.092486
-0.01686670,0.05052410,0.04768890,0.073098
-0.01476010,0.05276870,0.05010300,0.063502
-0.06263950,0.14997201,-0.00897733,0.077480
-0.09086100,0.12473200,0.00627835,0.004159
-0.02557860,0.09234990,-0.03155950,0.023566
-0.07097380,0.17294700,-0.05276800,0.100091
-0.05889740,0.14323200,-0.00327646,0.041785
-0.09436430,0.12436000,0.02164670,0.013162
0.03370440,0.11244900,-0.00269877,0.004703
-0.05150510,0.13655700,0.02631850,0.009977
-0.00886593,0.12119900,0.03605770,0.005449
-0.06172900,0.15566500,-0.02595120,0.024460
-0.08626370,0.10567000,0.02060420,0.040427
-0.08955840,0.13860600,0.03268900,0.008256
-0.02681680,0.12390400,0.02081130,0.008888
0.03419370,0.05154330,0.03308100,0.020753
0.04012680,0.05127430,0.03227020,0.025762
0.04493060,0.05265950,0.03195820,0.018515
-0.04053480,0.11716800,0.03194380,0.002660
-0.06369020,0.15554599,-0.03906420,0.199476
0.02786630,0.10040100,0.04100640,0.003156
-0.02758280,0.17927501,-0.01576050,0.107860
-0.07588710,0.09423020,0.03839610,0.007117
0.01383710,0.12920099,0.02039610,0.005334
-0.01527230,0.09984290,0.04516380,0.016991
-0.00916763,0.12971801,0.02066460,0.002780
-0.05124440,0.05169010,0.03348010,0.083646
-0.04615630,0.05231840,0.03799810,0.043245
-0.04100010,0.05272000,0.03937930,0.022654
-0.02709930,0.05266420,0.03931040,0.051600
0.04349240,0.09310970,-0.00154028,0.004562
-0.08238190,0.11268300,0.04542700,0.021324
-0.09206600,0.11805500,0.00909937,0.016962
-0.00448884,0.12171300,0.03629760,0.005998
0.01473460,0.12942301,0.01431460,0.001975
-0.01581130,0.16188800,-0.00973584,0.057077
-0.07788380,0.14970399,-0.00337488,0.089468
-0.08653570,0.12477000,-0.00166991,0.011619
0.01536560,0.12605800,0.02753810,0.005223
-0.03889130,0.12376100,0.02497780,0.037347
-0.03903510,0.12123800,0.02836730,0.010561
-0.03249630,0.12023700,0.02833440,0.008325
-0.01490520,0.12311000,0.03164170,0.004920
-0.05828730,0.11768800,0.03867190,0.032452
-0.06265360,0.16186100,-0.02640310,0.035061
-0.08181470,0.14163899,0.04448250,0.013573
0.03507340,0.10007100,0.03459750,0.003849
0.03118560,0.11215000,0.03102160,0.008712
-0.03357780,0.11743000,0.03145800,0.005050
-0.05963700,0.15347500,0.03134800,0.043807
-0.04812560,0.05366250,0.03621910,0.075322
-0.05902600,0.15638800,0.00269852,0.093865
-0.02111870,0.05787540,0.04611250,0.023311
-0.08273800,0.12472100,0.05055400,0.007249
-0.04669970,0.11363000,0.03481330,0.020674
-0.01072620,0.17966200,-0.02774720,0.051471
0.03477250,0.08944410,-0.01703390,0.004967
-0.08918250,0.10035100,0.01489450,0.013548
0.02572750,0.12289400,0.02073370,0.003712
-0.08839490,0.10027700,0.00841226,0.002752
-0.06498580,0.15551800,0.02633670,0.011050
-0.07684020,0.15407300,0.00257877,0.041938
-0.05768770,0.15414600,0.02621230,0.017227
-0.02669660,0.12572899,0.01459230,0.015038
-0.07637600,0.15578200,0.02088750,0.003004
-0.07632950,0.16718800,-0.03959400,0.157290
-0.07718770,0.10022900,-0.01033130,0.003952
-0.01536810,0.05908390,0.05199090,0.009792
-0.01020600,0.05763450,0.05354430,0.004134
-0.00350044,0.05786720,0.05437570,0.002788
0.00300818,0.05689160,0.05386920,0.004081
0.00883080,0.05804970,0.05298590,0.004454
0.04109150,0.08207750,-0.00893411,0.004452
0.03954490,0.05763730,0.03189850,0.033766
-0.07624430,0.13933600,0.04847630,0.018970
-0.03243060,0.12037900,-0.00955344,0.009724
-0.01944510,0.08815590,0.05576390,0.018417
-0.07478700,0.15947101,-0.00898201,0.163515
-0.06399350,0.15611000,0.02100310,0.001698
-0.07624380,0.15310100,0.03224420,0.003590
-0.00876679,0.12872700,0.02510200,0.006333
0.02822160,0.11223700,-0.00983067,0.002767
-0.04513410,0.05932250,0.03875590,0.031258
-0.04050050,0.05794990,0.04020200,0.020753
-0.03399300,0.05840280,0.03870400,0.027843
-0.02727560,0.05854680,0.03822850,0.054802
-0.02486080,0.12291300,0.02454290,0.014370
-0.08252760,0.15435500,0.02061320,0.007812
-0.00884271,0.12940300,0.00305159,0.001981
0.02075870,0.12665400,0.01476460,0.001483
-0.03948680,0.17335100,-0.00839443,0.118666
-0.02842100,0.11401900,0.03477460,0.006245
-0.01935750,0.12200900,0.03067370,0.004688
-0.06916260,0.16167501,-0.05146140,0.172247
-0.05167360,0.15006000,0.01481190,0.072785
-0.01563250,0.12015100,0.03490540,0.006519
0.04674540,0.05823190,0.03144040,0.022409
-0.07701650,0.06854250,0.01478630,0.003646
-0.00967101,0.17322500,-0.02649450,0.064757
-0.02131410,0.18481299,-0.01511120,0.119305
-0.07665240,0.08821880,0.03828760,0.003493
-0.05402190,0.05214630,0.01106980,0.076548
-0.02194510,0.12682100,0.01555360,0.011528
-0.08203910,0.15339200,0.02645060,0.005271
-0.02131830,0.12446800,-0.00290836,0.003501
-0.02683640,0.12346500,-0.00321538,0.005421
-0.03120350,0.17779601,-0.01335210,0.124593
-0.00749945,0.05980420,0.05533020,0.005322
-0.00108951,0.06012450,0.05548920,0.006161
0.00280202,0.05997460,0.05552830,0.004583
-0.05179700,0.11811900,0.03367800,0.067517
0.00302464,0.13161799,0.01493530,0.001899
0.04460050,0.09426190,0.01511980,0.001854
-0.08806360,0.11185500,0.00852285,0.013813
-0.07043210,0.14409600,-0.01483690,0.119124
-0.08209670,0.09436340,0.03227650,0.003512
-0.02696420,0.12081200,0.02756760,0.011409
-0.05401640,0.14996800,0.02533930,0.012695
-0.08003370,0.09950530,-0.00770139,0.005034
0.00922138,0.12038000,0.03609240,0.006863
0.00286056,0.11796800,0.03873310,0.005691
-0.09362290,0.11849400,0.02065240,0.016573
-0.04099230,0.11322900,0.03510900,0.001557
-0.08221850,0.15448800,0.01466610,0.012008
-0.06259560,0.15520200,-0.03298760,0.164929
-0.04625110,0.12462100,-0.00898124,0.008010
-0.02203360,0.16067600,-0.00426008,0.126862
-0.06562100,0.17276700,-0.04660490,0.156950
-0.07626140,0.15588400,0.01486870,0.002507
-0.06449880,0.14904401,-0.02651590,0.084503
-0.05819790,0.05934560,0.02108950,0.046396
-0.03354390,0.12261800,0.02540240,0.005317
-0.08265780,0.15343399,0.00921403,0.049084
-0.04999900,0.13241699,0.02869610,0.007572
0.00882170,0.13109601,0.00864908,0.003101
-0.01548420,0.06442820,0.05337540,0.014072
-0.00871951,0.06501500,0.05568270,0.002648
-0.00324815,0.06400030,0.05628160,0.005758
0.00292601,0.06430940,0.05639560,0.004788
0.00738462,0.06516140,0.05534020,0.006294
-0.01431740,0.11697100,0.03783600,0.003785
-0.00299223,0.11808300,0.03907510,0.003388
-0.00864301,0.11781600,0.03856620,0.003734
-0.05328840,0.05717190,0.02066310,0.080573
-0.08825880,0.10038700,0.02100970,0.005856
-0.03243770,0.09970300,-0.02273130,0.003462
0.04250720,0.06037250,0.03022750,0.039492
0.05233830,0.05804010,0.02904570,0.029005
0.04136120,0.08775030,-0.00929235,0.006880
-0.05815470,0.06201480,0.02709810,0.008726
-0.05303280,0.05905030,0.02669330,0.074261
-0.04772270,0.13552600,0.01486540,0.017262
0.00323512,0.09830530,0.05044240,0.008502
0.01506270,0.11964200,0.03480600,0.006985
-0.04533730,0.06430610,0.03911420,0.017563
-0.03940970,0.06442780,0.04141330,0.017729
-0.03306800,0.06426660,0.03964070,0.024866
-0.02702370,0.06444890,0.03953350,0.035015
-0.08816040,0.14947900,0.02685070,0.020645
-0.06407270,0.14343400,-0.00894036,0.159675
0.00286033,0.12115100,0.03613900,0.006768
-0.08273060,0.13815200,0.04669930,0.022203
-0.00261511,0.12700599,0.03013200,0.005944
0.03558410,0.10849800,-0.00452523,0.002871
0.02192030,0.11413600,0.03569410,0.004540
-0.03795550,0.16195400,-0.01280210,0.022903
-0.05263620,0.06436320,0.03406210,0.033251
0.02587400,0.12337400,0.01438110,0.001731
-0.04514060,0.13118400,0.00901599,0.030904
-0.07577800,0.15536100,-0.00310678,0.109493
-0.07391450,0.15643699,-0.02749450,0.012575
-0.08330560,0.10077800,-0.00354288,0.004838
-0.07670990,0.17394200,-0.04527320,0.149611
0.00846106,0.11698500,0.03803300,0.006012
-0.02008990,0.18478800,-0.02054600,0.076793
-0.04657100,0.12041300,0.02855240,0.040640
-0.05153130,0.12371800,-0.00885690,0.029654
0.02121160,0.10580400,-0.01711010,0.002345
-0.09386130,0.12448700,0.01514160,0.005896
0.04145910,0.06457700,0.02903520,0.062353
0.04667250,0.06434710,0.02855390,0.045464
0.05264230,0.06340180,0.02838310,0.032195
-0.04681410,0.16832200,-0.00285433,0.111152
-0.08691520,0.09441560,0.00293118,0.002912
-0.07737130,0.16155900,-0.02672380,0.088483
-0.03960950,0.12667701,-0.00334699,0.003492
-0.02713150,0.07642390,0.04557150,0.023785
-0.05879530,0.10701200,-0.01771770,0.002351
-0.07483140,0.11156000,-0.00720996,0.013862
-0.06426230,0.08881810,-0.01873300,0.001015
-0.03251720,0.08811570,-0.02554240,0.037676
0.00325654,0.07000860,0.05610470,0.002316
0.01031510,0.06367130,0.05375580,0.004054
0.04327010,0.09799670,0.00267804,0.003962
-0.07082230,0.15624399,0.02120700,0.001294
-0.05841760,0.07022770,0.03843220,0.004772
-0.07032070,0.11230500,-0.00963846,0.013108
-0.05816530,0.08819830,-0.02083690,0.002728
-0.04430380,0.08771560,-0.02189420,0.005835
-0.04880910,0.06601270,0.03739590,0.019174
0.00269411,0.12691100,0.03011400,0.007394
0.02396920,0.12105000,0.02887060,0.007757
-0.04692030,0.11746800,0.03144070,0.030644
-0.09155200,0.14336100,0.02016230,0.032339
-0.09075630,0.14385900,0.02630890,0.024225
-0.04957130,0.14402200,0.00976642,0.058259
-0.07709340,0.15583000,-0.01479030,0.091392
-0.08683220,0.10563400,0.00887573,0.025162
-0.08284800,0.13164800,-0.00299747,0.005806
-0.03842490,0.10640700,-0.02013930,0.002491
-0.08239530,0.11884100,-0.00336022,0.008445
-0.01023330,0.08766970,-0.03751010,0.011562
-0.00789361,0.08984200,-0.03634920,0.008939
-0.05790970,0.11176900,-0.01618560,0.003758
0.01400740,0.10579300,-0.01938410,0.007095
-0.00328561,0.10543500,-0.02251980,0.009400
-0.04096130,0.07097200,0.04199040,0.015452
-0.03350100,0.07105120,0.04097930,0.024364
-0.02727320,0.07013610,0.04103320,0.030264
-0.01619630,0.12712100,0.02288970,0.003074
-0.01906440,0.12793601,0.01338180,0.003539
-0.01499260,0.06947780,0.05451590,0.003760
-0.00932719,0.07073130,0.05629360,0.001486
-0.00299400,0.07109410,0.05754260,0.006021
0.00838831,0.07142670,0.05565850,0.004020
0.01025310,0.06935330,0.05476650,0.006136
-0.03239390,0.15339901,-0.00240332,0.134233
0.04359810,0.08815140,0.02542030,0.005355
-0.05865290,0.12488200,-0.00781093,0.031424
-0.02042870,0.10704500,-0.02204600,0.003291
-0.03829610,0.08794220,-0.02293350,0.029400
-0.08157300,0.11339400,-0.00173083,0.024423
-0.03808110,0.15477800,-0.00889149,0.041884
-0.00212588,0.08899260,-0.03546770,0.004997
0.00904065,0.10019300,-0.02227940,0.011840
-0.04670680,0.07004930,0.04057690,0.023982
-0.07799740,0.15124400,0.03522640,0.005797
0.01490190,0.11612600,0.03678490,0.003880
-0.07603000,0.10630100,-0.00876880,0.003261
-0.08852610,0.13783900,0.03939640,0.013719
-0.07031120,0.13127799,-0.00857724,0.011838
0.04193770,0.07036050,0.02888320,0.037157
0.05141940,0.06843260,0.02569680,0.023711
-0.09225480,0.12481300,0.03937570,0.010750
0.01350350,0.12810500,0.02505580,0.007666
-0.07046180,0.12542100,-0.00881334,0.004380
-0.07039310,0.11873100,-0.00840961,0.019248
-0.07196850,0.10630500,-0.01144930,0.001801
-0.06469720,0.16149800,-0.05731250,0.174305
0.04636930,0.07151280,0.02167540,0.064576
-0.05382460,0.15349700,0.01523460,0.074651
-0.01428690,0.07246660,0.05542430,0.004217
-0.03940570,0.11851200,-0.01336000,0.007336
-0.02805090,0.08800650,-0.03308580,0.016718
-0.00957701,0.16825400,-0.02123210,0.083500
-0.04458560,0.16732401,-0.00782662,0.124893
-0.05131010,0.16159400,-0.00355965,0.110127
-0.07023560,0.17930400,-0.05698670,0.115811
-0.06446950,0.16840200,-0.03989460,0.231011
-0.00894590,0.13013899,0.00911776,0.001041
0.00219503,0.08803690,-0.03422010,0.009349
-0.02688910,0.16726001,-0.01742040,0.191152
-0.05259850,0.15505400,-0.00368706,0.063534
-0.07616180,0.13173600,-0.00696723,0.004666
-0.07595760,0.07099000,0.02656720,0.003359
-0.00875341,0.10588000,-0.02285000,0.007341
-0.05192420,0.14929999,-0.00277595,0.078450
-0.01637100,0.18465000,-0.02142720,0.093925
-0.02054800,0.07056320,0.05204110,0.014249
-0.08133710,0.12007300,0.04953300,0.013132
-0.06250870,0.14993399,-0.01503190,0.083399
-0.08310980,0.10651000,0.02734610,0.058527
-0.01111900,0.16358200,-0.01875100,0.104330
-0.00291057,0.10114700,0.04564190,0.021358
-0.06354670,0.06605230,0.03186530,0.003243
-0.05119790,0.08738780,-0.02172120,0.003946
-0.05303350,0.07403670,0.04172190,0.009198
-0.04650070,0.07567010,0.04213250,0.015189
-0.02231400,0.07603590,0.05303060,0.018728
-0.01513510,0.07640560,0.05635660,0.007510
-0.00900601,0.07666210,0.05758520,0.005744
-0.00299732,0.07673390,0.05846510,0.007362
0.00347424,0.07697550,0.05659050,0.002090
0.00860763,0.07675380,0.05572930,0.002387
-0.02712390,0.15621600,-0.00302734,0.121882
-0.06330910,0.16738001,-0.05809060,0.176894
-0.08739430,0.14422500,0.00902371,0.012229
-0.06268910,0.16229700,-0.04709250,0.156724
0.03701110,0.11039700,0.00265294,0.002664
-0.07440060,0.14406200,-0.00864565,0.088235
-0.02441240,0.18384100,-0.01350680,0.166353
-0.08033810,0.07154730,0.01504830,0.003452
-0.06445280,0.07615610,0.04063800,0.005312
-0.05884130,0.07537940,0.04210220,0.004556
-0.05242940,0.07737200,0.04333570,0.010149
-0.04849810,0.07693340,0.04328100,0.010070
-0.04149540,0.07738560,0.04290050,0.004672
-0.03950080,0.07548080,0.04251340,0.004783
-0.03348800,0.07647590,0.04146050,0.024861
-0.06278380,0.16216300,-0.05305380,0.129209
0.03814560,0.08810560,-0.01386750,0.006413
-0.06428370,0.03964180,0.03962400,0.087625
-0.05266720,0.12133500,-0.01091700,0.005644
-0.07381040,0.16294201,-0.03709300,0.143492
-0.04908690,0.13937999,0.00889895,0.071472
-0.04957710,0.16602699,-0.00171113,0.097772
-0.07097360,0.16160899,-0.04508080,0.219003
0.02518470,0.12195000,0.02548540,0.007943
-0.01936150,0.07810180,0.05581630,0.011499
-0.02654580,0.12064500,-0.00911332,0.005584
-0.06179600,0.15574101,-0.02079230,0.035017
-0.08247600,0.11029500,0.03241030,0.086176
-0.06916740,0.15631400,-0.05085700,0.150973
-0.06228480,0.16236000,-0.03962880,0.164695
-0.08824800,0.11380300,0.02646060,0.019965
-0.05753920,0.07870260,0.04363630,0.008525
-0.02984390,0.07825960,0.04211680,0.049873
-0.06776170,0.08767010,0.04349280,0.010651
-0.09219390,0.13188399,0.01522700,0.008827
-0.08789870,0.11174200,0.02092060,0.013692
-0.04935300,0.13929801,0.01479550,0.010643
-0.03270710,0.17332099,-0.01492090,0.171004
-0.08662980,0.15285100,0.01491440,0.040465
-0.07796460,0.10002500,0.03518500,0.024995
-0.09355370,0.11840400,0.01515240,0.024516
-0.08490800,0.10801000,0.02285370,0.043854
-0.02106770,0.08212130,0.05620960,0.017203
-0.01499570,0.08218700,0.05726350,0.010952
-0.00899671,0.08221780,0.05768750,0.003460
-0.00299966,0.08220550,0.05746530,0.002743
0.00347480,0.08175330,0.05675440,0.002030
0.00824833,0.08299200,0.05563150,0.003524
0.01024140,0.08129490,0.05465230,0.002880
-0.03984960,0.12396600,-0.00878898,0.005973
-0.09225700,0.12476900,0.00902091,0.006717
-0.04367280,0.12619101,0.02095330,0.050534
-0.08204250,0.10587300,-0.00271871,0.008148
-0.06630160,0.08076230,0.04244370,0.007343
-0.06399390,0.08366880,0.04397540,0.008932
-0.05853900,0.08259060,0.04396710,0.003542
-0.05212090,0.08225230,0.04462620,0.004518
-0.04675590,0.08285690,0.04394580,0.007506
-0.04249620,0.08107290,0.04232660,0.004344
-0.04049030,0.08301230,0.04309840,0.004946
-0.03651080,0.08257730,0.04343550,0.021541
-0.03220400,0.08241710,0.04211210,0.025710
-0.08640050,0.15298100,0.02044920,0.029418
-0.02356610,0.11541500,0.03536670,0.005494
-0.07648710,0.11168500,0.04615980,0.022534
-0.07638950,0.14977001,-0.00829972,0.085670
-0.07548010,0.16185500,-0.03277960,0.089908
-0.02857330,0.08282470,0.04627020,0.032444
-0.08628190,0.10079700,0.00284830,0.002604
0.02108800,0.08242000,0.05040860,0.003235
-0.08018920,0.14312799,-0.00230055,0.014015
0.00844098,0.12440700,-0.00878569,0.003610
0.01475520,0.08258830,0.05291150,0.001948
-0.06199500,0.16116901,-0.03265400,0.026700
-0.08075710,0.15250000,0.03079960,0.006791
-0.00295953,0.13027200,0.00279699,0.002952
-0.01536190,0.08847910,0.05655990,0.016047
-0.00899729,0.08789770,0.05702870,0.005639
-0.00299611,0.08806580,0.05684890,0.006068
0.00301457,0.08852910,0.05627560,0.007075
0.00834267,0.08738080,0.05555410,0.006534
-0.00897481,0.09416510,-0.03384080,0.014292
0.03142780,0.11673000,0.02501130,0.007088
-0.07606020,0.15533701,0.00939490,0.018571
0.02578080,0.11677600,-0.00728909,0.004758
-0.06465770,0.08828430,0.04471130,0.008855
-0.05899600,0.08829970,0.04491490,0.007143
-0.05299580,0.08831320,0.04513950,0.005535
-0.04654210,0.08815790,0.04431870,0.004943
-0.04049610,0.08768630,0.04309410,0.007627
-0.03317920,0.08856480,0.04366000,0.033310
-0.02804820,0.08796520,0.04636300,0.054570
0.01506260,0.08817840,0.05177450,0.004326
0.02059550,0.08711300,0.04923250,0.003287
-0.07027120,0.08238740,0.04094310,0.003646
-0.02969260,0.08968820,-0.02868390,0.034551
-0.02361370,0.17924200,-0.01156290,0.101112
-0.08093910,0.10002900,0.03234330,0.018328
-0.09283360,0.13068300,0.02071070,0.002156
-0.07617710,0.15620100,-0.02041650,0.071289
0.01465770,0.12939601,0.00843576,0.001677
0.01048450,0.08976600,0.05420050,0.011107
-0.07257900,0.16125301,-0.03894470,0.159134
-0.03227410,0.11039100,-0.01845740,0.004185
-0.05501720,0.15010799,0.02779200,0.019755
-0.07163500,0.08832540,0.04146520,0.007294
-0.04249040,0.08953360,0.04260860,0.010555
0.02079450,0.08974910,0.04843150,0.002943
0.02731890,0.11884500,-0.00265658,0.003714
0.02852180,0.12111200,0.01623660,0.002397
-0.00899735,0.09305980,0.05592980,0.015495
-0.00291176,0.11872700,-0.01440210,0.001256
-0.08851910,0.11323300,0.03279480,0.015480
-0.07137440,0.09383040,0.04152690,0.003208
-0.06410290,0.09355140,0.04394880,0.004932
-0.05849650,0.09441460,0.04462130,0.003212
-0.05158530,0.09398360,0.04423830,0.003991
-0.04655910,0.09379010,0.04361030,0.005673
-0.04149140,0.09424160,0.04252680,0.009989
-0.03777230,0.09333270,0.04348890,0.009848
-0.03328640,0.09457660,0.04438680,0.004302
-0.02638070,0.09431800,0.04505680,0.038245
-0.01416060,0.09296180,0.05538980,0.017573
-0.00319641,0.09308980,0.05578530,0.014762
0.00150357,0.09318790,0.05515440,0.007014
0.00367616,0.09507520,0.05352950,0.010569
0.00915739,0.09417940,0.05192120,0.011638
0.02165530,0.09377940,0.04732020,0.001624
-0.07029680,0.17448100,-0.04588800,0.142082
-0.03058890,0.16889900,-0.00702359,0.200728
-0.05281910,0.16264901,0.00296711,0.094991
-0.08909680,0.09401040,0.02080240,0.008653
-0.06262490,0.17311200,-0.05861310,0.150722
-0.04438350,0.10592300,-0.02019030,0.001273
-0.06649580,0.09517760,0.04245310,0.005238
-0.03243840,0.12641500,0.01467520,0.009751
-0.01524690,0.09616570,0.05180980,0.010292
-0.00975370,0.09605060,0.05358180,0.026042
-0.00304601,0.09633670,0.05377910,0.020605
0.01642000,0.09570810,0.04803810,0.006161
-0.08765480,0.10519100,0.01482530,0.050388
-0.06994170,0.07632320,0.03814960,0.004359
0.03580780,0.09585940,-0.01203280,0.003684
0.03749660,0.10015400,0.03124900,0.004103
-0.05301950,0.15005900,0.02073230,0.025896
-0.09059110,0.13176499,0.03286670,0.001182
-0.07097170,0.14730901,-0.02683890,0.096584
-0.04433210,0.09350750,-0.02226680,0.002390
-0.04009110,0.12861800,0.00909496,0.015454
-0.07100540,0.10027500,0.03981280,0.016297
-0.06530630,0.10012400,0.04172620,0.006315
-0.05899690,0.09804950,0.04303280,0.004228
-0.05299380,0.09806310,0.04329520,0.002573
-0.04699510,0.09806590,0.04323500,0.007194
-0.04084760,0.10040100,0.04146680,0.012562
-0.03233440,0.09880710,0.04352160,0.007216
-0.02594640,0.09984250,0.04389470,0.012565
-0.02120660,0.09998490,0.04441940,0.018184
0.00749586,0.09835000,0.04882550,0.012427
0.00902710,0.10110900,0.04699750,0.008566
0.01530760,0.10000800,0.04724490,0.004792
0.02081750,0.10006700,0.04538660,0.004886
-0.06483260,0.13150901,-0.00838673,0.005049
-0.07402970,0.15083200,-0.03233670,0.070713
-0.09324440,0.12488500,0.02684100,0.007111
-0.06332390,0.16909300,-0.06103580,0.103249
-0.07711580,0.16248800,-0.02026790,0.135467
-0.05856690,0.06475550,0.03236110,0.012760
0.03776890,0.11038300,0.00969065,0.001862
-0.05035590,0.09358920,-0.02189560,0.002508
-0.05899610,0.10154300,0.04243700,0.003388
-0.05166470,0.10198100,0.04174880,0.002948
-0.04692480,0.10132500,0.04211660,0.003858
-0.03521730,0.10196500,0.04136380,0.004041
0.00285015,0.10093500,0.04644330,0.008870
-0.07547900,0.15031201,-0.01438080,0.029890
-0.07893600,0.10812600,-0.00525459,0.012992
-0.02514720,0.16898100,-0.01871560,0.136785
-0.07145700,0.11369200,0.04999830,0.044230
-0.07477710,0.09975360,0.03778680,0.027668
-0.09029190,0.13721199,0.01462860,0.013610
-0.02645680,0.10588300,0.04117650,0.002794
-0.02099660,0.10440000,0.04295890,0.002976
-0.01452080,0.10559700,0.04305110,0.000928
-0.00899316,0.10622000,0.04355410,0.017171
-0.00289533,0.10588200,0.04388610,0.020336
0.00245231,0.10562100,0.04298680,0.012846
0.00945613,0.10490300,0.04390020,0.007759
0.01499130,0.10476900,0.04433480,0.004423
-0.07721860,0.10613900,0.03506010,0.099180
-0.07086010,0.10694500,0.03815980,0.121409
-0.06529850,0.10657700,0.03908050,0.112289
-0.05838960,0.10562300,0.04053260,0.006158
-0.05293410,0.10644500,0.03984350,0.004208
-0.04616380,0.10579700,0.04048430,0.003033
-0.04002040,0.10678900,0.03889930,0.003601
-0.03311000,0.10632200,0.03944610,0.003357
0.01930260,0.10477000,0.04319640,0.005720
-0.05014120,0.13774000,0.00286739,0.063491
0.02661040,0.10591100,0.03840520,0.003156
0.04387190,0.08843900,-0.00310270,0.004336
-0.05903810,0.11320300,0.03622990,0.056389
-0.02149900,0.10785100,0.04141620,0.004173
-0.01649510,0.10788100,0.04202890,0.002085
0.00450524,0.10791800,0.04193360,0.007199
0.00856234,0.10822900,0.04105310,0.008122
0.01499940,0.10779000,0.04128450,0.004483
0.02130490,0.10604100,0.04094330,0.003178
-0.03366650,0.16784300,-0.00338268,0.173343
-0.05877890,0.13170500,-0.00671001,0.019452
-0.04435170,0.10030600,-0.02152810,0.001734
-0.01473060,0.17960399,-0.02662220,0.096551
0.01595820,0.10817700,-0.01778220,0.003806
-0.06384470,0.13811900,-0.00733006,0.079155
-0.03309530,0.16786100,-0.01555390,0.141377
-0.06436840,0.12535900,-0.00876153,0.014123
-0.03258300,0.16199200,-0.01424180,0.127562
-0.06856800,0.11039200,0.03921940,0.107764
-0.06434940,0.11219500,0.03889070,0.089719
-0.05937220,0.11208200,0.03738750,0.079459
-0.05299860,0.11047200,0.03735510,0.029597
-0.04686130,0.11028000,0.03788620,0.006739
-0.04098400,0.11049600,0.03708830,0.005184
-0.03200550,0.11046800,0.03704380,0.004597
-0.00748710,0.11071700,0.04264900,0.004469
-0.00449218,0.11071400,0.04265820,0.004856
0.02500330,0.11061100,0.03684590,0.005380
0.02591900,0.09952860,-0.01892060,0.003178
-0.06973000,0.11215300,0.04571840,0.035441
-0.04560400,0.14883400,-0.00329924,0.065224
-0.06530060,0.09478890,-0.01776570,0.000710
-0.09066770,0.13318001,0.02778480,0.006208
-0.03315080,0.09447400,-0.02377990,0.033804
-0.05757640,0.09416130,-0.02080230,0.002221
-0.02005860,0.03971980,0.05322370,0.085090
-0.02036850,0.03528880,0.05118400,0.088240
-0.07641630,0.12594700,-0.00745144,0.004298
-0.02059060,0.16755100,-0.01396770,0.096419
0.02585800,0.11685100,0.03152890,0.009810
-0.01392790,0.16719100,-0.02104400,0.070699
-0.05874810,0.14980200,-0.00133886,0.103569
0.01441910,0.03952470,0.04433960,0.038344
0.03329530,0.10547300,0.03296270,0.003170
-0.06474610,0.11431300,-0.01152190,0.006108
-0.05208180,0.03537710,0.04493310,0.063553
-0.01500400,0.03920950,0.05135480,0.075151
-0.00949250,0.03849620,0.04955400,0.040152
-0.06384960,0.11763100,0.04544770,0.030106
-0.05730250,0.13686401,0.03316200,0.015176
0.01891010,0.04009420,0.04285020,0.029164
-0.05081920,0.12439300,0.03326350,0.008105
-0.01826230,0.18088500,-0.01774300,0.109701
-0.06512710,0.15034300,-0.03257070,0.142402
0.03329660,0.09368860,0.04002160,0.005179
-0.04630110,0.14949299,0.00833001,0.079853
0.00260773,0.03548870,0.04500130,0.058133
-0.07808070,0.10971000,0.04235350,0.018529
-0.05422620,0.12475600,0.03698580,0.013341
-0.04025840,0.03614470,0.04366250,0.192784
-0.00317483,0.09428740,-0.03310490,0.010148
-0.01510320,0.17971601,-0.02076210,0.086210
0.02614100,0.04032460,0.03272650,0.022497
-0.06402470,0.11137600,-0.01362720,0.004762
0.02781700,0.11230900,0.03391180,0.005727
-0.05863320,0.14277400,0.03349530,0.010224
-0.01466220,0.16750100,-0.01544550,0.080706
-0.02708930,0.16729800,-0.00866399,0.196185
0.01520560,0.04581300,0.04426380,0.009551
0.01909880,0.04429960,0.04290000,0.016652
0.02156940,0.04561120,0.04120900,0.013527
0.02574520,0.04591370,0.03811850,0.007893
0.03873650,0.09444470,0.03270880,0.002991
0.02873080,0.04567220,0.03474660,0.021973
-0.01518050,0.17380901,-0.02133050,0.098209
-0.06589030,0.11825300,0.04981260,0.039242
-0.06283450,0.09320600,-0.01885440,0.001127
-0.06430650,0.14245100,0.03941230,0.019106
-0.04007900,0.15028299,0.00280951,0.087689
-0.02685100,0.17326801,-0.00983852,0.189703
-0.02079130,0.17376700,-0.01478260,0.148978
-0.05823340,0.12423800,0.04034060,0.015294
-0.06833370,0.13154501,0.04797090,0.011204
-0.06935470,0.10637000,-0.01280300,0.000955
-0.04286680,0.15762700,0.00504190,0.026956
-0.04764490,0.13036799,0.02588340,0.026927
0.03794510,0.08171670,-0.01415470,0.005115
0.03122980,0.04702860,0.03244650,0.018677
-0.06622840,0.13814899,0.04289600,0.008496
-0.06440940,0.10557500,-0.01586340,0.002173
0.04112710,0.04437130,0.02854740,0.015418
-0.08300310,0.07623610,0.01502960,0.003333
-0.06601670,0.12348800,0.05016430,0.031925
-0.04163520,0.15532900,0.00636435,0.028817
-0.03884560,0.15599400,0.00477206,0.064432
-0.05517320,0.11653800,0.03591950,0.052003
-0.06000690,0.13408200,0.03694340,0.007432
0.04528160,0.04532840,0.02631240,0.011141
0.05131610,0.04631540,0.02049630,0.007613
-0.01066870,0.17284700,-0.02156270,0.081521
-0.01477350,0.18419001,-0.02593410,0.087769
0.03010640,0.10677600,0.03580910,0.005532
-0.06370900,0.12512200,0.04574510,0.016829
0.04734310,0.04992170,0.02950770,0.026766
0.04971060,0.04820660,0.02595060,0.011224
0.05184840,0.05184150,0.02671610,0.012923
-0.01627320,0.17293800,-0.01745820,0.092733
0.03550970,0.10730400,0.02911510,0.003561
-0.05526560,0.14307700,0.03005370,0.019431
-0.06371910,0.13648200,0.03881760,0.012321
-0.01990860,0.16107200,-0.00863325,0.116269
-0.02091720,0.17928199,-0.01485230,0.125614
0.01451100,0.05135190,0.04742710,0.004399
-0.06102590,0.12691200,0.04161330,0.022018
0.05399050,0.04941410,0.02191140,0.010250
0.00925922,0.11886500,-0.01486740,0.005841
-0.02683840,0.16209100,-0.00836699,0.175900
-0.03670240,0.16319799,-0.00107067,0.083139
-0.03364320,0.15594800,0.00188963,0.082627
-0.02809660,0.15958700,0.00048307,0.105172
-0.02649100,0.16163000,-0.00321758,0.181896
0.02066130,0.05287330,0.04516550,0.003412
0.02315760,0.05130690,0.04147530,0.003721
0.02660440,0.05265160,0.03985300,0.002266
0.03097720,0.05278230,0.03713480,0.009602
0.02393710,0.10342400,0.04181060,0.004646
0.05688950,0.05274840,0.02092040,0.013790
-0.06642090,0.11329000,0.04413310,0.025146
-0.03267890,0.16238400,-0.00243762,0.127833
0.01451990,0.09325860,-0.02636300,0.014635
-0.05439830,0.11918600,0.03657810,0.034185
-0.05642720,0.13237600,0.03579660,0.004638
-0.05016360,0.14291100,0.00230897,0.098516
-0.04371400,0.14770700,0.00385010,0.123889
-0.02913460,0.17717101,-0.00534178,0.148414
0.03573040,0.10036300,-0.01116040,0.006301
0.01339430,0.05415360,0.04995210,0.003802
0.05510890,0.05450070,0.02539610,0.021670
0.02910330,0.05728860,0.04070890,0.004015
0.05857230,0.05834020,0.02148930,0.014126
-0.07403220,0.06569520,0.01448750,0.001939
-0.07498440,0.17930500,-0.05182210,0.152913
0.01457780,0.05857690,0.05016910,0.001950
0.02148760,0.05833200,0.04705490,0.004184
0.02595070,0.05900040,0.04377620,0.005049
0.03283300,0.05856330,0.03871580,0.004712
0.03582180,0.05783740,0.03503650,0.030166
0.03605850,0.09513010,0.03649020,0.005711
-0.08868060,0.11828300,0.04591420,0.021648
0.05627360,0.05863650,0.02533980,0.032369
0.03033110,0.09512950,0.04195890,0.004229
-0.02223150,0.16738901,-0.01104720,0.114251
-0.05432570,0.13657700,0.03079590,0.016622
-0.05000740,0.15044700,0.01175790,0.105751
-0.06162890,0.13740601,0.03547440,0.013939
-0.03193670,0.15950701,0.00191749,0.053174
-0.06344580,0.13214800,0.04068670,0.006759
0.03686780,0.09219890,0.03674490,0.004562
-0.07284330,0.15613700,-0.03391120,0.139025
0.03898720,0.06406890,0.03302990,0.033472
-0.06366110,0.14880000,-0.02059960,0.118695
0.01539380,0.06484440,0.05130360,0.001135
0.02139580,0.06455060,0.04730780,0.002676
0.02651050,0.06492350,0.04397210,0.001422
0.03023640,0.06506570,0.04159750,0.002249
0.03312950,0.06422210,0.03973810,0.003773
0.03678850,0.06502700,0.03668670,0.005729
0.05631310,0.06507820,0.02522080,0.032423
0.05913640,0.06447420,0.02113570,0.030487
-0.01106830,0.16709800,-0.01678070,0.087742
-0.06052020,0.14620499,0.03666660,0.020499
0.01945280,0.06657360,0.04916420,0.003459
-0.02867770,0.15813200,0.00050882,0.146512
0.02530250,0.09895690,0.04342770,0.003830
-0.03499790,0.15215801,0.00008207,0.154512
0.01466500,0.07062700,0.05283060,0.002550
0.02029080,0.07104100,0.04988280,0.002412
0.02307020,0.07029910,0.04738350,0.002548
0.02636930,0.07062380,0.04417890,0.002230
0.03283060,0.07076060,0.04013620,0.005705
0.03688320,0.07067200,0.03659530,0.005092
0.03988780,0.07056320,0.03258080,0.013768
0.05795440,0.06947940,0.01983450,0.033034
-0.06417040,0.06372400,0.02686820,0.001339
-0.09194990,0.11421600,0.01492650,0.019880
0.03516240,0.08190760,-0.01725020,0.005412
-0.08624080,0.11927100,-0.00117534,0.011341
-0.02944010,0.17495801,-0.00579982,0.179788
-0.01752880,0.16541800,-0.01149250,0.105774
-0.06178690,0.11778900,0.04091440,0.032946
0.03018910,0.07236580,0.04188040,0.002107
-0.08220990,0.14948601,0.00288044,0.035165
-0.07602710,0.17570400,-0.05069370,0.096003
-0.06523430,0.06147380,0.02113460,0.004471
-0.02665740,0.11039400,-0.01900700,0.005312
-0.08135380,0.07791610,0.02680550,0.004003
0.02141700,0.11872300,-0.00893569,0.002595
0.01493460,0.07592970,0.05361910,0.001777
0.02098860,0.07616090,0.05060550,0.005999
0.02683960,0.07620890,0.04591930,0.002381
0.03367850,0.07607370,0.04051660,0.004951
0.03734220,0.07603060,0.03667760,0.004023
0.04003240,0.07630620,0.03283450,0.001977
0.04190480,0.07687600,0.02960920,0.003923
0.04380940,0.07638050,0.02586380,0.049041
-0.04524120,0.11847200,-0.01420460,0.002137
0.04567730,0.07680890,0.02081870,0.060839
-0.05016500,0.13771400,0.02076180,0.004569
-0.00327054,0.11156300,-0.02035490,0.008461
-0.04832360,0.14511099,0.00757835,0.109775
0.03108330,0.07753150,0.04322820,0.003714
-0.04685500,0.14522199,0.00288431,0.142067
-0.01417160,0.10541000,-0.02258020,0.005605
0.04703480,0.07539790,0.01487360,0.062844
-0.06114330,0.14054200,0.03561840,0.008479
0.02727790,0.08237140,0.04592430,0.004863
0.03092120,0.08255000,0.04302520,0.003430
0.03430370,0.08254120,0.04029070,0.004170
0.03703540,0.08246630,0.03690990,0.002534
-0.07999460,0.14798900,-0.00083534,0.015057
-0.07744350,0.06901530,0.00961977,0.004346
0.04043630,0.08269950,0.03260210,0.001615
0.04174790,0.08273350,0.03025240,0.002916
0.04368870,0.08255080,0.02638440,0.001369
0.04544070,0.08254650,0.02071370,0.003832
-0.08228120,0.11629500,0.04828550,0.023411
-0.08447260,0.09473910,-0.00345192,0.004049
-0.02027100,0.16800299,-0.01939350,0.081737
-0.07427160,0.06685010,0.01904140,0.003932
0.02674700,0.08824170,0.04583140,0.002627
0.03087220,0.08825720,0.04301460,0.002565
0.03449220,0.08830470,0.04036970,0.004856
0.03724810,0.08812630,0.03663930,0.004144
0.03992700,0.08809400,0.03266680,0.002056
0.04190270,0.08777820,0.02908150,0.002979
0.00264738,0.11230200,-0.01987100,0.007639
-0.07033150,0.14550000,-0.02055760,0.086539
-0.07494460,0.13787900,-0.00653312,0.063033
-0.02669670,0.11429900,-0.01599030,0.004422
-0.08699240,0.11351800,0.00410409,0.021187
-0.01421860,0.17401300,-0.02598070,0.070403
-0.02215640,0.15785199,-0.00861651,0.137655
-0.01158700,0.16412900,-0.01630450,0.095905
-0.00997381,0.16933800,-0.02477650,0.048115
-0.08287500,0.14340501,0.00186692,0.006422
0.02037570,0.03544050,-0.00287175,0.042932
0.01912740,0.03633370,-0.00917714,0.044247
0.01844560,0.03638800,-0.01347900,0.051465
0.01495350,0.03477320,-0.01549370,0.061601
0.02212040,0.03720260,0.03423240,0.039736
0.03927100,0.03828660,0.00854708,0.003462
0.03975490,0.03985450,0.00261400,0.009821
0.02218920,0.03806140,-0.00446361,0.041264
0.01799010,0.03690660,-0.01618350,0.058449
0.01541480,0.03924440,-0.02128610,0.029578
0.02080230,0.10011800,-0.02133920,0.002020
0.04460040,0.04090640,0.00927401,0.004845
0.04356250,0.04113550,0.00427044,0.010509
0.03813810,0.04111390,-0.00147908,0.014647
-0.04788070,0.13520700,0.00885778,0.038257
0.02172740,0.04042870,-0.00964433,0.010751
0.02067440,0.04059560,-0.01444370,0.006771
0.01925780,0.04116810,-0.01950740,0.021921
-0.08857360,0.11291300,0.03958560,0.026277
-0.02679300,0.10645700,-0.02185010,0.005070
0.04814870,0.04285850,0.01455940,0.002060
0.05212120,0.04616550,0.00896550,0.004236
0.04804380,0.04306470,0.00724585,0.004259
0.04609360,0.04341310,0.00284357,0.008276
0.02850030,0.10048500,-0.01681030,0.004739
0.02694620,0.03958330,-0.00334578,0.021433
-0.09078560,0.11783800,0.00647331,0.014701
-0.06272100,0.16756700,-0.04706280,0.186693
-0.07995320,0.10681300,0.03168380,0.081390
0.05274370,0.04621250,0.01395540,0.005459
0.05045330,0.04662630,0.00264513,0.009535
-0.03225810,0.11732400,-0.01332730,0.004826
0.02724750,0.04559660,-0.00927071,0.019428
-0.01464550,0.09420840,-0.03373410,0.011329
-0.04115450,0.16722000,-0.01081800,0.105254
-0.07213850,0.15611200,-0.03841020,0.144513
0.04568030,0.04742170,-0.00311192,0.020312
0.02394070,0.04332540,-0.00969837,0.014625
0.02108400,0.04625850,-0.02053030,0.010456
-0.03485270,0.03515490,-0.03073510,0.126454
-0.06998670,0.06630660,0.02591530,0.002932
-0.07470710,0.14989100,-0.02014530,0.096560
-0.08454480,0.13725001,0.00074318,0.007120
0.05495140,0.04841780,0.01639820,0.011278
0.02645650,0.04662610,-0.01410390,0.008815
0.02252760,0.04446550,-0.01576830,0.010823
0.03305380,0.09381350,-0.01605380,0.003311
0.05264760,0.06949920,0.00297306,0.044903
0.05285440,0.05813390,-0.00277966,0.024970
-0.05714640,0.06717990,0.03617050,0.012976
-0.06515440,0.15716700,-0.05154910,0.156196
-0.04931890,0.13368200,0.00119868,0.054528
-0.03296200,0.10595000,-0.02067290,0.004264
-0.06495380,0.15565600,-0.04563100,0.128908
-0.03904560,0.15044500,-0.00354536,0.081740
0.05743650,0.05161800,0.01451830,0.009448
0.05741290,0.05225310,0.00903377,0.006326
0.05361120,0.05009650,0.00204174,0.011675
0.05122040,0.05201210,-0.00218354,0.017880
0.04712260,0.05158110,-0.00481298,0.038179
0.03344300,0.04757600,-0.00638170,0.025690
0.00280933,0.11829700,-0.01582080,0.003873
-0.01478410,0.10125000,-0.02384080,0.011127
-0.06200370,0.16742200,-0.05271650,0.142450
0.05591470,0.05283820,0.00339683,0.016247
0.03348010,0.05185060,-0.00825293,0.034179
0.02878140,0.05011710,-0.01579260,0.011539
0.02561970,0.04855420,-0.01905480,0.013511
-0.00863537,0.11840600,-0.01461140,0.002865
-0.01483220,0.11767500,-0.01470100,0.003450
-0.06151380,0.14571200,-0.00481276,0.141451
0.02325310,0.12083000,-0.00456186,0.003217
-0.04015350,0.03427180,-0.02751490,0.170447
0.03026570,0.04968680,-0.01072890,0.019179
0.03200660,0.11133400,-0.00737407,0.008054
-0.02110030,0.12041700,-0.01024820,0.004156
-0.02049910,0.11712500,-0.01408030,0.003210
-0.00910263,0.03836020,-0.02577600,0.108433
-0.05251440,0.11229000,-0.01710340,0.002471
0.02023530,0.12371300,-0.00247094,0.002539
-0.07017490,0.03475410,-0.00178910,0.086225
-0.00340266,0.11484400,-0.01769280,0.010157
0.03102480,0.05371300,-0.01405220,0.007717
0.02681910,0.05284820,-0.02033900,0.008344
-0.01474580,0.12067300,-0.01058530,0.005531
0.02709050,0.10621400,-0.01467560,0.002611
0.04655410,0.06979910,0.00228503,0.069303
-0.00300122,0.10067600,-0.02358140,0.014745
-0.07558740,0.07621200,0.03346800,0.006590
0.05973800,0.05729980,0.01517360,0.008474
0.05953940,0.05787170,0.00861672,0.007039
0.05720910,0.05805260,0.00253507,0.013687
-0.01429070,0.12314700,-0.00746744,0.004684
0.02118310,0.11230300,-0.01408340,0.004309
0.03474550,0.05650460,-0.01071400,0.013690
0.02491380,0.08251630,-0.02458770,0.001800
-0.03822270,0.11452100,-0.01617800,0.006427
-0.08194850,0.07616720,0.02083220,0.001876
-0.02695570,0.03922510,-0.02939430,0.159008
0.03770370,0.05934010,-0.00852013,0.043340
0.03302950,0.05863060,-0.01472900,0.003364
0.02181210,0.05158650,-0.02364920,0.009307
-0.02049530,0.09359080,-0.03316750,0.012971
-0.08722170,0.11352100,0.04406660,0.029511
-0.02715370,0.03516080,0.05092670,0.065237
-0.05038250,0.10630200,-0.01945980,0.002413
0.02666110,0.05850670,-0.02191340,0.004315
0.00975018,0.09459320,-0.02804510,0.013505
-0.02055240,0.12239100,-0.00754739,0.001990
-0.06680210,0.09091910,-0.01747440,0.001125
-0.08561550,0.09420990,-0.00109094,0.005865
-0.09152740,0.11444000,0.02044920,0.014691
-0.09090480,0.13170099,0.00809159,0.005168
0.04048510,0.05788860,-0.00516980,0.035018
0.02959640,0.05804730,-0.01782740,0.009018
0.02669860,0.09413590,-0.02059490,0.002366
-0.06771040,0.17286900,-0.05726020,0.136168
0.01420010,0.11804300,-0.01391700,0.006117
-0.06981710,0.06996870,0.03263750,0.004494
0.06070970,0.06488020,0.01516320,0.017575
0.06093460,0.06305050,0.01315850,0.019458
0.06022050,0.06437180,0.00864139,0.030976
0.05740550,0.06388770,0.00271573,0.027010
-0.07977930,0.10385800,-0.00660016,0.004974
-0.05638670,0.13735899,-0.00421998,0.012345
0.03445120,0.06382630,-0.01520120,0.004089
0.03071390,0.06053170,-0.01845890,0.004591
0.01856840,0.12178900,-0.00725624,0.002965
-0.04566170,0.11241400,-0.01696580,0.001546
0.04561770,0.06448450,-0.00162168,0.039299
-0.05842680,0.03490150,0.04412020,0.136021
-0.07479820,0.07236740,0.03085140,0.006729
-0.06993730,0.06218540,0.01517780,0.004079
-0.05288900,0.13651900,-0.00170821,0.025974
0.04102050,0.06448860,-0.00476733,0.059141
0.03887120,0.06461660,-0.00976797,0.023292
0.05148710,0.06372790,-0.00174794,0.021866
-0.07872970,0.07445510,0.02674210,0.003271
-0.08502810,0.14426900,0.00618082,0.007956
0.03130940,0.06448700,-0.01889360,0.002145
0.02672740,0.06461710,-0.02208420,0.001721
0.03187370,0.08774390,-0.01927050,0.003737
-0.07724550,0.14399500,-0.00470939,0.040534
0.01325760,0.11044300,-0.01835410,0.002671
-0.00289343,0.12472300,-0.00863032,0.002595
-0.03428680,0.03858200,0.04854610,0.096273
0.02003970,0.08762330,-0.02612050,0.005459
0.05854530,0.07053540,0.01469760,0.025804
0.05814050,0.06998190,0.00856199,0.035063
0.05609900,0.06943600,0.00424359,0.033310
0.03704790,0.06651860,-0.01326370,0.004956
-0.06256100,0.17297100,-0.06167210,0.129113
-0.07027180,0.15493999,-0.04554720,0.152860
-0.09162590,0.13049901,0.00930481,0.004789
-0.07002100,0.14822900,-0.03282310,0.169534
-0.07212740,0.06801830,0.02677530,0.003514
-0.07453370,0.15067001,-0.02643030,0.083497
0.04310870,0.07134610,-0.00276400,0.007622
0.04216590,0.06925250,-0.00466106,0.037459
0.03454040,0.06993780,-0.01603910,0.002076
-0.03423680,0.12291200,-0.00708584,0.010380
0.04015180,0.07093200,-0.00951127,0.003378
0.03707060,0.07074080,-0.01330100,0.003669
0.03108560,0.07021750,-0.01929050,0.001862
0.02830040,0.07054530,-0.02224470,0.002775
-0.00859023,0.10169900,-0.02378970,0.010458
-0.03282340,0.04001390,-0.02987500,0.145148
-0.08305880,0.11047000,0.03973340,0.018577
0.01427240,0.12323700,-0.00806485,0.002879
-0.07604430,0.10863700,0.03890780,0.116148
-0.07327620,0.15493900,-0.03213920,0.123225
0.01603240,0.08892320,-0.02824770,0.005119
-0.09016770,0.13136099,0.03943740,0.008922
0.04558280,0.07683650,0.00270178,0.053404
-0.05167170,0.05539650,0.01490600,0.073556
-0.03765450,0.12100200,-0.01097240,0.006813
0.04663180,0.07628850,0.00910629,0.062740
0.04373030,0.07692410,-0.00295564,0.003298
0.04050430,0.07667840,-0.00849130,0.004031
0.03694630,0.07628360,-0.01288370,0.003410
0.03493510,0.07666480,-0.01559440,0.003943
0.03192370,0.07639040,-0.01941860,0.003853
0.02852080,0.07580750,-0.02252330,0.003896
-0.06468570,0.06880900,0.03482190,0.005402
-0.00335573,0.09861360,-0.02692830,0.013542
-0.03836060,0.10011200,-0.02176610,0.001334
-0.07054330,0.14989699,-0.03873190,0.140761
-0.02478710,0.17921500,-0.01883560,0.118755
0.00339058,0.09370230,-0.03183650,0.012850
-0.09099000,0.14268900,0.02266450,0.011811
-0.08510880,0.10211500,0.00039112,0.006475
0.00299202,0.12470700,-0.00864775,0.003314
-0.06494590,0.16733600,-0.03299440,0.097908
0.04597500,0.08272430,0.01467160,0.017479
0.04619310,0.08273760,0.00867911,0.019161
0.04534610,0.08266020,0.00269811,0.001439
0.03259400,0.08223100,-0.01905970,0.005648
-0.07077520,0.14201100,-0.00901143,0.133872
-0.03966940,0.04523900,-0.02103510,0.010046
-0.07364880,0.14578700,-0.01310480,0.101500
-0.06618550,0.17790000,-0.05290180,0.151144
-0.06980060,0.17922699,-0.05172850,0.148080
-0.07196770,0.17784800,-0.04746040,0.112203
-0.01318170,0.09742470,0.05098080,0.009182
-0.07605290,0.17765100,-0.04714570,0.143371
-0.08752740,0.14945100,0.00937476,0.025639
-0.08475040,0.14953600,0.00652369,0.032961
-0.08538430,0.09804120,-0.00055420,0.004099
-0.07016200,0.17294499,-0.03931320,0.157535
-0.06690530,0.17136000,-0.04041870,0.126125
-0.09157650,0.11464400,0.01083490,0.018545
0.03111750,0.11634500,-0.00142056,0.005270
-0.09039000,0.14407399,0.01425550,0.018101
0.05337520,0.07241730,0.00805773,0.033985
0.03481150,0.11363600,0.00289967,0.003194
0.03210470,0.11712800,0.00373672,0.003145
-0.05585540,0.16012999,0.00226313,0.079202
0.02841270,0.12005000,0.00266093,0.003383
-0.06934170,0.15152600,-0.04432550,0.141113
0.05091430,0.07333960,0.01121310,0.067976
0.04852860,0.07263580,0.00856732,0.085148
0.02514710,0.12251700,0.00254898,0.002176
-0.06841680,0.17015700,-0.03195310,0.154013
-0.07102800,0.17127401,-0.03258860,0.172039
-0.07656340,0.15575700,-0.00874762,0.149880
0.05252060,0.07346780,0.01488760,0.026205
0.03552100,0.11345400,0.00908801,0.001298
0.02083240,0.12562700,0.00327965,0.001986
-0.04767220,0.13434801,0.01944340,0.010658
-0.07460830,0.17122900,-0.03265160,0.185382
0.03220270,0.11761600,0.00936420,0.002169
0.01625230,0.12758800,0.00132734,0.005139
-0.09146690,0.14280500,0.01672230,0.018212
0.02907750,0.12047400,0.00686894,0.002710
0.01359090,0.12914000,0.00336546,0.005792
-0.08616350,0.10045800,0.02571900,0.009778
-0.06530510,0.16594499,-0.02698490,0.054804
-0.06984920,0.16889000,-0.02686480,0.132380
-0.07827000,0.16747300,-0.03249600,0.139712
0.02155570,0.09452340,-0.02265940,0.002324
0.02606120,0.12308200,0.00873766,0.001487
0.00920342,0.13008100,0.00248247,0.004429
-0.07099340,0.17051700,-0.02952480,0.144163
-0.07602020,0.16793799,-0.02726360,0.138459
0.05252290,0.07166540,0.02112030,0.034609
0.02071670,0.12656599,0.00922145,0.001392
-0.07460250,0.09980330,-0.01264560,0.003256
-0.08643330,0.08908740,0.02570550,0.007956
0.03549410,0.11343500,0.01508480,0.001382
0.03207370,0.11769800,0.01462620,0.001384
0.00294754,0.13071400,0.00292443,0.003401
-0.02563910,0.08239570,0.05194890,0.011404
-0.06662580,0.16541600,-0.02216310,0.055234
-0.08041770,0.15309200,0.00488677,0.051580
-0.06456230,0.03500170,0.01518920,0.121774
-0.06279360,0.03524790,0.02012000,0.189771
-0.06429320,0.03493810,0.02646040,0.108087
-0.06424210,0.03974970,0.02676590,0.122296
-0.06524190,0.03522020,0.03243570,0.108177
-0.06432000,0.03522610,0.03879140,0.129052
-0.08690140,0.09440880,0.02608690,0.006188
-0.02637600,0.10040300,-0.02375190,0.021331
-0.07043940,0.03482880,0.00888692,0.076962
-0.06963750,0.03967300,0.00918640,0.098773
-0.06780640,0.03572800,0.01336200,0.148849
-0.07784330,0.08197320,0.03546170,0.006848
-0.08093180,0.08279420,0.03250000,0.006893
-0.07123160,0.03897400,0.00275642,0.118505
-0.06161010,0.03796180,0.02193440,0.187548
-0.06537780,0.04070540,0.03234150,0.109542
-0.06129490,0.04010800,0.04387830,0.112332
-0.07488910,0.08269160,0.03811540,0.003788
-0.08416410,0.13376901,0.04865640,0.022662
-0.08491060,0.09452710,0.02904790,0.006827
-0.08299400,0.14471200,0.04040650,0.008721
-0.02654790,0.11761900,-0.01327810,0.003182
-0.06796780,0.03832210,0.01239030,0.107731
-0.06392590,0.04011460,0.01511010,0.143294
-0.05885270,0.04078020,0.02021360,0.178355
-0.08696210,0.13558900,0.04405840,0.005874
-0.03882700,0.03984840,0.04256400,0.167871
-0.02532380,0.07734370,0.05016030,0.004766
0.00864855,0.11187800,-0.01922520,0.006320
-0.06250140,0.04424000,0.03886160,0.063808
-0.08849300,0.12525800,0.04616730,0.016224
0.01507850,0.10107000,-0.02203720,0.006723
-0.08105330,0.08763250,0.03346220,0.004114
-0.06366020,0.04392210,0.03223550,0.088112
-0.08237570,0.12585001,-0.00459555,0.007337
-0.03745540,0.04287300,0.04295120,0.124771
-0.03132800,0.04328630,0.05011850,0.077777
-0.08418020,0.08750160,0.02858150,0.005947
-0.06900990,0.04272160,0.00298087,0.084110
-0.06903230,0.04271330,0.00739115,0.110815
-0.06420070,0.04491780,0.00895163,0.048316
-0.06300050,0.04274970,0.01330040,0.134947
-0.05807770,0.04440320,0.01435960,0.075668
-0.08747600,0.13071200,0.04585440,0.009248
-0.08377120,0.09993370,0.02933900,0.015424
-0.08371900,0.08228460,0.02709320,0.004548
-0.02091830,0.09347720,0.05121340,0.017995
-0.08689830,0.14265101,0.03835050,0.009669
-0.05889840,0.04676510,0.00989959,0.059971
-0.05291440,0.04644750,0.01580240,0.037177
-0.08816540,0.08820940,0.02091920,0.006608
-0.04940750,0.16590101,0.00073167,0.065902
-0.05861140,0.04739780,0.03370610,0.022039
-0.05614000,0.05174760,0.00835186,0.121450
-0.08652310,0.14807300,0.03212710,0.013878
-0.03084970,0.04932970,0.04296540,0.028761
-0.07691020,0.11499400,0.05011880,0.027640
-0.02090650,0.09595790,0.04741950,0.020984
-0.05099470,0.05096370,0.01507990,0.101538
0.00842415,0.08896570,-0.03205370,0.009522
-0.02405610,0.05443860,0.04169730,0.052013
-0.05103920,0.05242230,0.02032130,0.095177
-0.05262080,0.05182710,0.02702100,0.094374
-0.05040220,0.05911860,0.03268910,0.072062
-0.04788210,0.05906940,0.03631340,0.047247
-0.02391280,0.05865530,0.04213080,0.046620
-0.07593140,0.11922800,-0.00697007,0.009662
-0.01831810,0.06045640,0.05061820,0.010861
-0.02984410,0.09725310,-0.02357150,0.025497
-0.02419260,0.06287730,0.04229360,0.021537
-0.02239980,0.06467000,0.04597900,0.004338
-0.01928990,0.06414830,0.05039280,0.008892
-0.02601090,0.17292500,-0.01914530,0.161634
-0.02653310,0.16157401,-0.01443180,0.155056
-0.05585560,0.15572000,-0.00121016,0.112461
-0.05990280,0.13646600,-0.00644560,0.016857
-0.06353800,0.07166500,0.03794630,0.004239
-0.02004170,0.08698620,-0.03788760,0.016778
-0.05571760,0.10574500,-0.01862410,0.001802
-0.05306910,0.14391400,-0.00100898,0.098330
-0.02566880,0.07046370,0.04389350,0.027437
-0.02355770,0.06937740,0.04702030,0.001279
-0.05257590,0.12724701,-0.00521525,0.047504
-0.07878590,0.13185801,-0.00545913,0.007982
-0.05802120,0.12008800,-0.01027470,0.015047
-0.03962940,0.11044100,-0.01862580,0.003402
-0.02102820,0.17311300,-0.02149220,0.120096
-0.05475930,0.05632890,0.01071470,0.103271
-0.04355340,0.03457580,-0.02475200,0.113974
-0.04498330,0.03469210,-0.02074830,0.144708
-0.04435760,0.03904030,-0.02174910,0.173132
-0.04628550,0.03450370,-0.01531120,0.161453
-0.04661900,0.03964570,-0.01414570,0.222545
-0.00904923,0.03438260,-0.02464290,0.103439
0.00311748,0.10030300,-0.02279290,0.019832
-0.06908090,0.03922170,-0.00181724,0.083580
-0.09202890,0.13104101,0.02623490,0.001756
-0.04341400,0.03724870,-0.02530640,0.095167
0.02809740,0.08182940,-0.02209310,0.005292
-0.06770200,0.16944601,-0.05601340,0.121695
-0.09153770,0.12967400,0.03123650,0.001506
-0.06630860,0.04111620,-0.00443149,0.106098
-0.07312550,0.15193500,-0.03688790,0.102352
-0.03901450,0.03948890,-0.02759800,0.153630
-0.06373720,0.04378270,-0.00264533,0.038421
-0.06054270,0.04255650,0.02469750,0.091471
-0.08576030,0.13076299,-0.00071446,0.007345
-0.05204720,0.04035730,-0.01074110,0.108809
-0.05685220,0.04345040,0.02244130,0.139769
-0.04323900,0.04293420,-0.01931660,0.175307
-0.04387870,0.04413220,-0.01442220,0.159949
-0.04575050,0.04648600,-0.01056940,0.036477
-0.06459380,0.04568970,0.00313082,0.025564
-0.05259780,0.04648430,0.02071160,0.050973
-0.05725780,0.04594890,0.02688700,0.018205
-0.06189620,0.04436480,0.02868130,0.059178
-0.03314670,0.04531790,-0.02672820,0.033375
-0.03776690,0.04435470,-0.02520990,0.022121
-0.03209220,0.11442500,-0.01623040,0.007690
-0.05780270,0.04706690,-0.00326740,0.025514
-0.09149540,0.14799400,0.02051370,0.054143
-0.04000670,0.04715360,-0.01510420,0.124973
0.00454895,0.12186900,-0.01247970,0.005984
0.01512820,0.11270800,-0.01654960,0.004813
-0.05257870,0.04632910,-0.00775444,0.009198
-0.05992760,0.04751120,0.00267117,0.095712
-0.07264580,0.14712600,-0.02186250,0.088399
-0.07409240,0.16868600,-0.04403120,0.196062
-0.05749400,0.05154260,0.00319413,0.156054
-0.05369180,0.04830480,0.02649450,0.072199
-0.01471560,0.11445300,-0.01722550,0.005382
-0.03351910,0.04804240,-0.02124600,0.050404
0.01946100,0.09243330,-0.02443440,0.003847
0.01694020,0.09520650,-0.02382780,0.008548
0.02010470,0.10415600,-0.01881970,0.002000
-0.03196420,0.05166570,-0.01525090,0.063355
-0.03684480,0.04882560,-0.01310710,0.052873
-0.03912650,0.05189090,-0.01094670,0.038379
-0.00892221,0.11157600,-0.02027330,0.005152
-0.05156590,0.05151580,-0.00751393,0.023868
-0.05570280,0.05294000,-0.00268598,0.072866
-0.02934210,0.05263980,-0.02139910,0.042893
-0.03144530,0.04963510,-0.01935390,0.063467
0.03223810,0.10409000,-0.01284820,0.004046
-0.02610250,0.05258010,-0.02646690,0.058205
-0.05830310,0.11673300,-0.01300380,0.003451
-0.01485100,0.11159900,-0.01914840,0.002962
-0.05213480,0.11818900,-0.01374510,0.002617
-0.05174930,0.05827980,-0.00896954,0.012858
-0.05619820,0.05824620,-0.00310645,0.035970
-0.05879890,0.05861190,0.00276734,0.108722
-0.05855640,0.05784160,0.00857596,0.112721
0.01902600,0.11614000,-0.01316860,0.004999
-0.02118930,0.11166200,-0.01908830,0.002054
-0.02391760,0.05611490,-0.03005700,0.027966
-0.02726030,0.05854800,-0.02747800,0.013057
-0.02957660,0.05827990,-0.02175510,0.023637
-0.03209280,0.05893820,-0.01476180,0.040389
0.00739380,0.12178900,-0.01265550,0.006359
-0.02519460,0.05952270,-0.03086320,0.015602
-0.03071670,0.06013000,-0.01941810,0.017601
-0.06501130,0.06321740,-0.00293095,0.005471
-0.06964790,0.06575100,-0.00198101,0.003323
-0.06999260,0.06350130,0.00374106,0.005759
-0.07994350,0.07248120,0.01915140,0.003391
-0.06768440,0.16092201,-0.05599420,0.174305
-0.02154350,0.06365590,-0.03504310,0.013909
-0.02583250,0.06482520,-0.03220870,0.012000
-0.02898200,0.06364380,-0.02749970,0.008896
-0.03042260,0.06293680,-0.02242610,0.004432
-0.03190420,0.06518190,-0.02019420,0.014016
-0.03327410,0.06363370,-0.01600320,0.026690
-0.02055470,0.03411100,-0.02640100,0.072137
-0.07433670,0.06582860,0.00833126,0.002671
0.01610300,0.12074500,-0.01038430,0.005113
-0.07702120,0.07005440,0.00316631,0.004143
-0.07482190,0.06693000,0.00451345,0.005644
-0.03063170,0.06575240,-0.02545300,0.002269
-0.07114330,0.06870780,-0.00390291,0.003133
-0.07626250,0.07163160,-0.00295918,0.004361
-0.08022040,0.07139350,0.00991267,0.003475
-0.09134130,0.14814299,0.01614580,0.043856
-0.02737360,0.07000520,-0.03353230,0.011344
-0.03002740,0.06920730,-0.02896770,0.005274
-0.03162770,0.07112180,-0.02665140,0.002784
-0.03306290,0.06997650,-0.02127430,0.015228
-0.03536420,0.07058960,-0.01770970,0.045200
-0.05870040,0.03910440,-0.00900270,0.105738
-0.06976960,0.07038570,-0.00808666,0.001891
-0.08048320,0.07264620,0.00472466,0.004397
0.01516160,0.12610400,-0.00266395,0.002214
-0.07457210,0.07288300,-0.00757069,0.008934
-0.08239080,0.07627700,0.00270117,0.004037
-0.09128310,0.13369800,0.01421610,0.009161
0.00371049,0.09688170,-0.02809310,0.012471
-0.07613920,0.07662580,-0.00859487,0.009208
-0.07847490,0.07488270,-0.00523624,0.008359
-0.08067810,0.07719020,-0.00290803,0.006364
-0.08346220,0.07652090,0.00927112,0.005065
0.00983826,0.11402000,-0.01786120,0.007292
0.00210649,0.09815650,-0.02612440,0.015064
-0.02850850,0.07575750,-0.03481180,0.018236
-0.03308740,0.07612490,-0.02706610,0.005879
-0.03465680,0.07579060,-0.02150290,0.034984
0.02311040,0.08928070,-0.02402360,0.004260
-0.03121320,0.07713570,-0.03204160,0.010916
-0.07004250,0.07636330,-0.01414640,0.007767
-0.08611370,0.08147070,0.00908143,0.002424
-0.08631900,0.08152000,0.01499360,0.001925
-0.02080420,0.09631820,-0.02705630,0.024347
-0.02110780,0.11439100,-0.01712850,0.003401
-0.07461620,0.08285290,-0.01393250,0.006171
-0.07729500,0.08121600,-0.01005680,0.003678
-0.08001270,0.08216050,-0.00722237,0.004182
-0.08263340,0.08208680,-0.00324616,0.004068
-0.08446670,0.08176690,0.00249573,0.003422
-0.08604450,0.08325910,0.02032550,0.004439
-0.08481600,0.08167460,0.02198490,0.003616
0.05455490,0.06616920,0.00076565,0.034653
-0.03316040,0.08283690,-0.02704930,0.028315
-0.03580280,0.08290470,-0.02277230,0.049546
-0.08619420,0.08425050,0.00298565,0.008235
-0.02870720,0.08272670,-0.03495370,0.019387
-0.03116010,0.08223870,-0.03156270,0.009074
-0.08540300,0.14186500,0.00516647,0.004131
-0.07851690,0.08856280,-0.01076070,0.007013
-0.08070460,0.08876760,-0.00826584,0.003496
-0.08439720,0.08787430,-0.00349923,0.006129
-0.08557080,0.08820730,-0.00109946,0.006515
-0.08761570,0.08812860,0.00369184,0.007963
-0.08853390,0.08769420,0.00897158,0.006958
-0.08857910,0.08772130,0.01496160,0.006570
-0.06438540,0.03485760,-0.00775085,0.134088
-0.05129320,0.03422700,-0.01290130,0.111426
-0.02668390,0.04585560,-0.02727400,0.081788
-0.01463680,0.09815410,-0.02643180,0.020640
-0.02134680,0.10077000,-0.02395880,0.008910
0.02093200,0.08259540,-0.02673470,0.002632
0.00759225,0.09285410,-0.03092370,0.018578
-0.01444780,0.08792740,-0.03802970,0.006663
-0.00859724,0.11451000,-0.01731320,0.004425
0.02648180,0.10993500,-0.01261820,0.003778
-0.01458550,0.03851790,-0.02679910,0.129514
-0.03300540,0.03370440,-0.02729910,0.069876
-0.02678720,0.03404750,-0.02719010,0.078631
-0.00849157,0.09858590,-0.02705350,0.022897
-0.01109540,0.12082400,-0.01201350,0.002877
0.03673790,0.09259920,-0.01298880,0.003928
-0.05716350,0.04357550,-0.00717607,0.068640
-0.01933280,0.09792510,-0.02479200,0.027347
-0.02037980,0.03854670,-0.02830880,0.124796
-0.05876810,0.03371330,-0.00871891,0.129342
-0.05179190,0.10065500,-0.02132580,0.002330
0.00702627,0.09784180,-0.02460550,0.016591
-0.01488920,0.12606800,-0.00252126,0.004662
0.03075780,0.09244600,-0.01885190,0.004308
0.02110490,0.05781260,-0.02661160,0.006520
-0.01692370,0.09704810,-0.02787180,0.016269
0.04600040,0.05818660,-0.00508589,0.026002
-0.00944331,0.08222710,-0.03810670,0.003576
-0.06358810,0.03921240,-0.00717766,0.086374
0.00864227,0.03863710,-0.02330530,0.062106
0.02529350,0.07695570,-0.02484070,0.003356
-0.02296530,0.08951590,-0.03619900,0.019104
-0.05237910,0.03411930,-0.00994653,0.137329
0.02116930,0.06439350,-0.02685780,0.004012
-0.05158670,0.13164000,-0.00280920,0.044864
-0.01496690,0.03455290,-0.02542730,0.144683
-0.01611670,0.12728800,0.00169291,0.004866
-0.04692320,0.12851501,-0.00163965,0.048372
-0.00961381,0.12715800,-0.00378809,0.004367
-0.00745660,0.12856200,-0.00130751,0.005526
-0.00304493,0.12890901,-0.00174857,0.007360
0.00283790,0.12902200,-0.00194723,0.002650
0.00903363,0.12867400,-0.00165013,0.005543
-0.05616070,0.13158800,-0.00571429,0.022980
-0.04575510,0.12716700,-0.00484962,0.028106
-0.00304746,0.12767801,-0.00456004,0.004057
0.00303811,0.12768000,-0.00442000,0.002905
0.01015260,0.12681200,-0.00466464,0.003674
-0.05532590,0.12683600,-0.00601308,0.028794
0.00799473,0.03484600,-0.02069130,0.057017
0.00271790,0.03421910,-0.02047370,0.083766
-0.00295804,0.03424180,-0.02162220,0.058921
0.01346740,0.03532210,-0.01969610,0.053223
0.00440963,0.03830630,-0.02407760,0.078755
0.00140752,0.03834740,-0.02461470,0.080348
-0.00309177,0.03838770,-0.02518660,0.108247
-0.05750230,0.10066100,-0.01952110,0.002340
-0.04857390,0.15316001,-0.00547278,0.025886
-0.06465730,0.03348310,-0.00296009,0.132679
-0.06407960,0.10042600,-0.01739360,0.001442
-0.07044150,0.10013900,-0.01460370,0.002971
-0.03263760,0.15580601,-0.00949884,0.101859
0.03360940,0.03736240,0.00273412,0.013177
0.03209430,0.03978850,-0.00195136,0.009763
0.01585020,0.04496020,-0.02372120,0.012701
0.00889467,0.04264490,-0.02426590,0.003629
0.00312499,0.04527210,-0.02658800,0.002324
-0.00298345,0.04468600,-0.02722220,0.002781
-0.00912346,0.04485240,-0.02806710,0.003838
-0.01453510,0.04432660,-0.02777710,0.011438
-0.02092230,0.04609130,-0.02819180,0.032543
0.03405200,0.04484340,-0.00540113,0.012257
-0.03126460,0.15825699,-0.01223000,0.140014
0.04015090,0.04489810,-0.00354586,0.013951
0.01432530,0.04734840,-0.02515130,0.004130
0.00937888,0.04665260,-0.02616850,0.001285
-0.07665310,0.06954230,0.02079820,0.003924
0.00872460,0.05179160,-0.02916150,0.004242
0.00299372,0.05069270,-0.02985570,0.006120
-0.00164566,0.04894360,-0.03041440,0.004434
-0.00321397,0.05225960,-0.03140750,0.004199
-0.00915341,0.05092170,-0.03186810,0.004630
-0.01460180,0.05137520,-0.03190450,0.008295
-0.01615580,0.04885430,-0.03037630,0.008688
-0.02058430,0.05080110,-0.02964350,0.018433
0.04052520,0.05188550,-0.00654453,0.020082
0.01493090,0.05207720,-0.02738590,0.007195
0.04188400,0.04908680,-0.00604367,0.019056
0.01996200,0.05299080,-0.02612190,0.007345
-0.01985010,0.05342340,-0.03122670,0.017333
-0.03362730,0.05271870,-0.01062430,0.074416
-0.04611120,0.05291580,-0.01016640,0.030876
-0.02040000,0.16187499,-0.01465800,0.084004
0.04499240,0.05308980,-0.00614891,0.017911
0.00733679,0.05465320,-0.03050380,0.003714
0.00283568,0.05465320,-0.03074680,0.005048
-0.00302245,0.05770000,-0.03314770,0.000948
-0.00914668,0.05766760,-0.03411650,0.004975
-0.01517000,0.05819900,-0.03498770,0.009583
-0.02027070,0.05810310,-0.03336810,0.013087
0.01408440,0.05796500,-0.02898300,0.001190
0.01033010,0.05885530,-0.02994720,0.001481
0.00732823,0.05888980,-0.03061170,0.001226
0.00273690,0.05901510,-0.03219280,0.001379
-0.03371870,0.05797420,-0.01158240,0.071105
-0.03907110,0.05824670,-0.01150330,0.030657
-0.04604740,0.05791240,-0.01151740,0.009524
-0.00961439,0.06421680,-0.03585640,0.001447
-0.04415700,0.05998250,-0.01238770,0.012688
0.01525100,0.06458030,-0.02956700,0.001930
0.00839294,0.06492140,-0.03169570,0.000462
0.00325858,0.06435290,-0.03324390,0.001032
-0.00361257,0.06458610,-0.03490700,0.000554
-0.01447090,0.06500600,-0.03716030,0.009359
-0.03666230,0.06067900,-0.01227910,0.040884
-0.05264040,0.06364020,-0.01012970,0.014819
-0.03818660,0.06489190,-0.01420730,0.031952
-0.04524950,0.06478560,-0.01398190,0.006685
-0.05992620,0.06229660,-0.00429285,0.025997
-0.07786410,0.11746300,-0.00576778,0.014360
-0.01874470,0.06641510,-0.03747790,0.017615
-0.05776160,0.06448840,-0.00779097,0.015073
-0.06257780,0.06553530,-0.00741131,0.003591
0.02510880,0.07109450,-0.02486040,0.002589
0.02145700,0.07027290,-0.02734150,0.003478
0.01667470,0.07015860,-0.02972030,0.003021
0.01327450,0.07026430,-0.03120740,0.002812
0.00867525,0.07035090,-0.03242780,0.002662
0.00229643,0.07086940,-0.03431230,0.001005
-0.00306460,0.07038100,-0.03535650,0.000360
-0.00773679,0.06917490,-0.03620510,0.000492
-0.01019880,0.07151220,-0.03737780,0.001449
-0.01474540,0.07044290,-0.03829430,0.009698
-0.02039840,0.07065160,-0.03815800,0.022240
-0.02409670,0.06934180,-0.03625210,0.018128
-0.06051750,0.06735970,-0.01082590,0.004803
-0.03872930,0.07063550,-0.01684570,0.023274
-0.04513470,0.07050640,-0.01645040,0.002649
-0.05234350,0.06978620,-0.01459840,0.010746
-0.05915150,0.07028910,-0.01472030,0.007672
-0.06525150,0.06884920,-0.00993982,0.002272
-0.02476140,0.07197770,-0.03683170,0.018438
-0.06378840,0.07126970,-0.01385350,0.006182
0.02114540,0.07692680,-0.02687720,0.001445
0.01621280,0.07652680,-0.02937840,0.000964
0.01332470,0.07601960,-0.03067150,0.001057
0.00907695,0.07603800,-0.03303820,0.002145
0.00245085,0.07608570,-0.03516150,0.002168
-0.00176321,0.07622880,-0.03606880,0.001925
-0.00476487,0.07628600,-0.03697420,0.002065
-0.00962992,0.07659360,-0.03786510,0.002795
-0.01444810,0.07641180,-0.03857750,0.004514
-0.02145300,0.07635740,-0.03866800,0.010372
-0.02497700,0.07624840,-0.03745180,0.019632
-0.03774530,0.07661640,-0.01891240,0.040668
-0.03973950,0.07466230,-0.01802550,0.016925
-0.04374230,0.07659050,-0.01879220,0.007102
-0.04663770,0.07448450,-0.01736680,0.002475
-0.05186230,0.07458120,-0.01750840,0.002625
-0.05898660,0.07453680,-0.01766000,0.007916
-0.06440810,0.07562790,-0.01675290,0.007253
-0.07212950,0.07402560,-0.01057190,0.006518
-0.06152330,0.03541320,0.04388100,0.148224
-0.05249710,0.07698720,-0.01895360,0.004544
-0.05874820,0.07674450,-0.01874620,0.005784
0.01310200,0.08099530,-0.03079170,0.000900
0.00892296,0.08206520,-0.03254780,0.001916
0.00229170,0.08202970,-0.03492790,0.002298
-0.00177837,0.08048050,-0.03644710,0.004726
-0.00379684,0.08241930,-0.03732800,0.002617
-0.01429880,0.08203840,-0.03902110,0.003868
-0.02077080,0.08238620,-0.03873350,0.016489
-0.02480890,0.08189680,-0.03770310,0.016965
-0.07358190,0.07770260,-0.01220230,0.006960
0.01542500,0.08312880,-0.02952070,0.004637
-0.03839940,0.08179190,-0.02095960,0.042421
-0.04511840,0.08155260,-0.02043400,0.004681
-0.05181400,0.08184720,-0.02113480,0.004198
-0.05836890,0.08127240,-0.02029750,0.007412
-0.06394900,0.08276800,-0.01889350,0.007035
-0.06627090,0.08006500,-0.01778320,0.010492
-0.06955940,0.08305930,-0.01705820,0.009066
-0.00481814,0.08684100,-0.03679510,0.008488
-0.02482060,0.08675240,-0.03676390,0.023383
0.01320460,0.08716020,-0.03054730,0.008347
-0.03608370,0.08670760,-0.02379100,0.055465
-0.00877843,0.03405560,-0.02049270,0.073634
-0.02071280,0.03423820,-0.02087280,0.053427
-0.01479150,0.03410960,-0.02076160,0.075811
-0.02657670,0.03429630,-0.02109890,0.067615
0.00282685,0.03510530,-0.01581360,0.058935
0.00885967,0.03447100,-0.01474870,0.048704
-0.03908480,0.03372280,-0.02026170,0.117403
-0.03266560,0.03453340,-0.02018740,0.060096
-0.00224535,0.03515390,-0.01662340,0.041547
-0.01490960,0.03573130,-0.01809560,0.057554
-0.01148080,0.03536620,-0.01770450,0.041073
-0.00921575,0.03801830,-0.01497320,0.032590
-0.00282494,0.03822920,-0.01406360,0.027334
0.00285919,0.03773240,-0.01347150,0.043307
0.01591090,0.03470980,-0.00882204,0.047363
-0.03068390,0.03669300,-0.01845980,0.013021
-0.02652160,0.03674710,-0.01881770,0.044660
-0.02183410,0.03697180,-0.01843030,0.037245
-0.02030270,0.03827650,-0.01525770,0.012929
-0.01525960,0.03823280,-0.01564280,0.035068
0.00738356,0.03661720,-0.01250030,0.032122
0.00992361,0.03519790,-0.00924624,0.026289
0.00702596,0.03783870,-0.00879015,0.018989
-0.03969580,0.03428430,-0.01457800,0.150966
-0.03295170,0.03821540,-0.01467800,0.017772
-0.02638620,0.03857780,-0.01536440,0.012087
0.00320835,0.03894240,-0.00953857,0.028978
-0.03643870,0.03579460,-0.01558440,0.120370
-0.00301526,0.03910610,-0.00886496,0.017419
0.00831664,0.03481560,-0.00321961,0.013681
0.01450390,0.03436850,-0.00284330,0.019577
-0.03657520,0.03702760,-0.01365340,0.195259
-0.01462340,0.03880550,-0.00887465,0.013347
-0.00886749,0.03893940,-0.00890173,0.015664
-0.04510320,0.03367210,-0.00848668,0.063132
-0.04031300,0.03508010,-0.00861758,0.053672
-0.02062350,0.03860000,-0.00878063,0.003062
0.00267879,0.03842400,-0.00319748,0.009681
0.01504400,0.03505170,0.00289039,0.011636
0.02014790,0.03478060,0.00348327,0.019896
0.02711900,0.03535140,0.00366834,0.016131
0.02807850,0.03655310,0.00082676,0.016131
-0.03760660,0.03756920,-0.00942418,0.113907
-0.03327480,0.03845490,-0.00855692,0.012339
-0.02645410,0.03844970,-0.00886193,0.003857
-0.00299262,0.03895820,-0.00292437,0.015270
0.00451408,0.03560780,-0.00103635,0.013725
0.00881079,0.03504280,0.00356828,0.019900
0.03141840,0.03602550,0.00457907,0.012995
-0.00888202,0.03878840,-0.00299409,0.001677
0.00271787,0.03490910,0.00339755,0.010105
-0.04119900,0.03414710,-0.00327644,0.014406
-0.02054790,0.03842590,-0.00283766,0.000021
-0.01466180,0.03859080,-0.00288739,0.000011
0.00103528,0.03759170,0.00095222,0.010292
0.02157470,0.03549060,0.00861940,0.005052
0.02647940,0.03465140,0.00870654,0.007431
0.03223910,0.03554120,0.00882378,0.007318
-0.05210570,0.03347940,-0.00318207,0.052936
-0.04550780,0.03365720,-0.00225818,0.006088
-0.03341040,0.03832590,-0.00292317,0.013182
-0.02651220,0.03833430,-0.00296504,0.000020
-0.00224847,0.03833540,0.00320971,0.011508
-0.05893860,0.03341430,-0.00291301,0.132474
-0.00874044,0.03859760,0.00291227,0.006025
0.00273457,0.03427340,0.00882480,0.012432
0.00621941,0.03513410,0.00654928,0.012648
-0.08001800,0.10927900,0.03736550,0.080249
-0.03931780,0.03364430,0.00354096,0.030929
-0.02131110,0.03829730,0.00334866,0.000017
-0.01461960,0.03842650,0.00290922,0.000013
-0.00353554,0.03796440,0.00874752,0.011215
0.02766810,0.03496620,0.01495320,0.005161
0.03282000,0.03592550,0.01470370,0.006703
0.03897630,0.03830790,0.01450250,0.001068
-0.05239610,0.03352490,0.00326874,0.003014
-0.04623460,0.03356960,0.00267776,0.003465
-0.02779840,0.03822960,0.00286126,0.022409
-0.00094701,0.03573740,0.01034690,0.011741
0.02222760,0.03582620,0.01602560,0.003493
0.04480510,0.04111920,0.01509610,0.002780
-0.05810640,0.03350400,0.00272997,0.000166
-0.03523230,0.03372480,0.00491425,0.023195
-0.03129850,0.03818580,0.00167702,0.015738
-0.00886410,0.03847000,0.00876261,0.011494
0.00289190,0.03428940,0.01470590,0.015187
-0.07033320,0.03405830,0.00286723,0.082317
-0.06482450,0.03349240,0.00301734,0.094542
-0.03879630,0.03476300,0.00935652,0.035305
-0.03323270,0.03379320,0.00943608,0.017050
-0.02034560,0.03822650,0.00836296,0.000129
-0.01521560,0.03831610,0.00935801,0.000020
-0.00038571,0.03514590,0.01341710,0.013944
0.00663645,0.03423240,0.01596880,0.010478
0.02680740,0.03564690,0.02041260,0.011320
0.03093910,0.03621520,0.01899370,0.007125
0.03341190,0.03761790,0.02100820,0.010985
-0.05157340,0.03389040,0.00817232,0.003960
-0.04549990,0.03528080,0.00804865,0.004797
-0.02632290,0.03803130,0.00871732,0.017097
-0.00318580,0.03770980,0.01451300,0.011384
0.02110510,0.03515520,0.02070040,0.006614
0.03919830,0.03959690,0.02058790,0.002513
0.04417780,0.04187550,0.02048020,0.005724
-0.05802820,0.03356240,0.00918162,0.093784
-0.00922404,0.03834880,0.01502610,0.012549
0.00313746,0.03524260,0.02041760,0.007766
0.00877508,0.03461790,0.02085600,0.007105
0.04684890,0.04342260,0.02109360,0.004746
-0.06480310,0.03374020,0.00884817,0.174524
-0.03381560,0.03450630,0.01502930,0.013713
-0.01491730,0.03824980,0.01472140,0.000020
0.01463440,0.03456280,0.02225880,0.013566
-0.03656550,0.03579260,0.01301390,0.016228
-0.02621530,0.03766930,0.01486660,0.011099
-0.02051650,0.03812480,0.01467790,0.000190
-0.00229335,0.03824560,0.02056500,0.011393
0.01472300,0.03477070,0.02639350,0.020767
0.02102450,0.03534760,0.02654180,0.012072
0.02507560,0.03645170,0.02468470,0.011372
0.02735840,0.03815220,0.02671270,0.029084
0.03211640,0.04019840,0.02676200,0.016127
-0.05382900,0.03354310,0.01395470,0.053564
0.00114114,0.03766100,0.02234140,0.009813
0.00915473,0.03535890,0.02624570,0.012022
0.03805520,0.04128190,0.02589000,0.010131
-0.05880340,0.03369510,0.01462830,0.190649
-0.03393190,0.03462530,0.02022740,0.010082
-0.01525450,0.03826290,0.02047040,0.000116
-0.00888844,0.03840870,0.02072060,0.001056
0.00307272,0.03849640,0.02641510,0.014830
-0.02616430,0.03784910,0.02054220,0.007248
-0.02054290,0.03814730,0.02137580,0.000098
-0.05381880,0.03356080,0.02105810,0.149001
-0.00301594,0.03875000,0.02639010,0.009225
0.00756209,0.03807120,0.02850070,0.021872
0.01437410,0.03483270,0.03318330,0.027685
0.01982790,0.03555000,0.03212130,0.014978
0.02368750,0.03731060,0.02997720,0.025000
-0.05884760,0.03390600,0.02046500,0.187664
-0.00882687,0.03860470,0.02657050,0.000911
0.00847025,0.03833440,0.03155980,0.028128
0.01089580,0.03564700,0.03306630,0.025755
-0.03666510,0.03530420,0.02303200,0.009052
-0.03400840,0.03446590,0.02662240,0.009154
-0.02704470,0.03791040,0.02705290,0.007579
-0.02104710,0.03830130,0.02628200,0.001511
-0.01473170,0.03848880,0.02652330,0.000034
-0.07127860,0.07333480,0.03558390,0.006804
-0.03888870,0.03462550,0.02655380,0.012358
0.00290004,0.03932050,0.03216800,0.027592
0.01553890,0.03509010,0.03939770,0.080112
0.01951590,0.03581110,0.03679480,0.049504
-0.05891390,0.03413140,0.02645860,0.189271
-0.05223400,0.03407370,0.02688870,0.000282
-0.04478660,0.03392740,0.02743460,0.001767
-0.03101270,0.03693820,0.02848000,0.010147
-0.00908756,0.03901460,0.03309010,0.000031
-0.00293287,0.03920900,0.03365000,0.024431
0.00861952,0.03466540,0.03915360,0.060396
-0.01491440,0.03883120,0.03243440,0.000026
0.00392423,0.03473980,0.03990640,0.079256
-0.06578270,0.06184550,0.00187562,0.006305
-0.06400510,0.06060970,0.00361345,0.035431
-0.04551640,0.03450950,0.03267480,0.000539
-0.03856990,0.03441680,0.03320400,0.027073
-0.03420240,0.03516110,0.03256850,0.009843
-0.02703030,0.03847990,0.03264690,0.014712
-0.02094330,0.03873970,0.03322730,0.000402
-0.05209940,0.03445820,0.03267750,0.000210
-0.03134890,0.03772680,0.03212130,0.009517
-0.00219023,0.03483050,0.04100820,0.124211
0.00818206,0.03553660,0.04430430,0.037652
0.01494700,0.03613310,0.04314070,0.090226
-0.06425640,0.05972360,0.00929320,0.002344
-0.05847320,0.03435880,0.03315590,0.076031
-0.01458590,0.03930040,0.03803170,0.015000
-0.00937548,0.03945170,0.03787100,0.012802
-0.05882970,0.05795820,0.01454430,0.032463
-0.03873200,0.03469560,0.04002270,0.146698
-0.03314870,0.03449200,0.03905270,0.088291
-0.02019140,0.03916280,0.03816960,0.012132
-0.00878985,0.03482330,0.04529490,0.172198
-0.00314410,0.03515150,0.04582500,0.143809
-0.07016190,0.06227890,0.00863964,0.005899
-0.04511910,0.03468800,0.03964570,0.070796
-0.02566280,0.03890810,0.03732490,0.011397
-0.01461150,0.03481730,0.04581980,0.160335
-0.06364620,0.05936770,0.01488900,0.003060
-0.05316710,0.03451910,0.03917290,0.066379
-0.05953720,0.03449700,0.03975150,0.133819
-0.03295550,0.03497770,0.04555200,0.084102
-0.02624360,0.03480900,0.04528310,0.094608
-0.02155540,0.03481120,0.04593470,0.077251
-0.06334070,0.06012720,0.01908130,0.005073
-0.04710000,0.03510150,0.04341780,0.099573
-0.01207230,0.03534340,0.04945530,0.048350
-0.01631300,0.03518360,0.05040370,0.068788
-0.04836990,0.14603400,-0.00115148,0.151602
-0.02643350,0.15656200,-0.00835956,0.166207
-0.06500300,0.14479101,-0.01429090,0.097369
-0.06622800,0.15154700,-0.03946090,0.140761
-0.06633230,0.14530900,-0.01885800,0.060522
-0.04124030,0.15210800,-0.00674014,0.060452
